https://www.forebet.com/en/football/matches/emmen-cambuur-2334591
https://www.forebet.com/en/football/matches/falkirk-fc-dundee-2317395
https://www.forebet.com/en/football/matches/melbourne-victory-brisbane-roar-2400525
https://www.forebet.com/en/football/matches/club-guaran%C3%AD-cs-san-lorenzo-2416855
https://www.forebet.com/en/football/matches/cimarrones-sonora-tritones-vallarta-2354347
https://www.forebet.com/en/football/matches/afc-hornchurch-chelmsford-2341310
https://www.forebet.com/en/football/matches/lewes-fc-billericay-2409047
https://www.forebet.com/en/football/matches/whitehawk-fc-cheshunt-fc-2342100
https://www.forebet.com/en/football/matches/canvey-island-chatham-town-2409177
https://www.forebet.com/en/football/matches/yate-town-poole-town-2343491
https://www.forebet.com/en/football/matches/bishops-stortford-harborough-town-2343171
https://www.forebet.com/en/football/matches/stratford-town-halesowen-town-2343153
https://www.forebet.com/en/football/matches/ballymena-united-crusaders-belfast-2336112
https://www.forebet.com/en/football/matches/brickfield-rangers-guilsfield-2384819
https://www.forebet.com/en/football/matches/cwmbran-celtic-llantwit-major-2403564
https://www.forebet.com/en/football/matches/lao-army-luangprabang-united-2347888
https://www.forebet.com/en/football/matches/werder-bremen-w-wolfsburg-w-2370243
https://www.forebet.com/en/football/matches/uni%C3%A3o-leiria-u23-vizela-u23-2422138
https://www.forebet.com/en/football/matches/estoril-u23-farense-u23-2422139
https://www.forebet.com/en/football/matches/ranong-united-phuket-fc-2387880
https://www.forebet.com/en/football/matches/sfax-railways-es-du-fahs-2420703
https://www.forebet.com/en/football/matches/sv-lichtenberg-dynamo-schwerin-2329727
https://www.forebet.com/en/football/matches/blumenthaler-sv-habenhauser-fv-2355013
https://www.forebet.com/en/football/matches/geestem%C3%BCnde-eiche-horn-2355015
https://www.forebet.com/en/football/matches/rw-erfurt-u19-st.-pauli-u19-2422194
https://www.forebet.com/en/football/matches/meppen-u19-rw-essen-u19-2422195
https://www.forebet.com/en/football/matches/havelse-u19-chemnitzer-fc-u19-2422196
https://www.forebet.com/en/football/matches/furth-u19-sv-sandhausen-u19-2422199
https://www.forebet.com/en/football/matches/sevilla-fc-c-ad-ceuta-b-2377230
https://www.forebet.com/en/football/matches/vfc-plauen-rsv-eintracht-2329482
https://www.forebet.com/en/football/matches/budissa-bautzen-vfl-halle-2329488
https://www.forebet.com/en/football/matches/1.-fc-lok-stendal-union-sandersdorf-2329491
https://www.forebet.com/en/football/matches/vfb-auerbach-sc-freital-2329492
https://www.forebet.com/en/football/matches/rayo-vallecano-real-oviedo-2316647
https://www.forebet.com/en/football/matches/sportfreunde-lotte-fc-schalke-ii-2311869
https://www.forebet.com/en/football/matches/bfc-preussen-luckenwalde-2368383
https://www.forebet.com/en/football/matches/vsg-altglienicke-eilenburg-2368385
https://www.forebet.com/en/football/matches/osc-bremerhaven-woltmershausen-2355011
https://www.forebet.com/en/football/matches/aumund-vegesack-vatan-sport-2423452
https://www.forebet.com/en/football/matches/wetschen-sv-wilhelmshaven-2368628
https://www.forebet.com/en/football/matches/rimini-u19-pro-patria-u19-2391655
https://www.forebet.com/en/football/matches/ac-carpi-u19-lumezzane-u19-2391665
https://www.forebet.com/en/football/matches/bravos-do-maquis-cd-lunda-sul-2423434
https://www.forebet.com/en/football/matches/brickfield-rangers-airbus-uk-2384803
https://www.forebet.com/en/football/matches/ynyshir-albions-llantwit-major-2414253
https://www.forebet.com/en/football/matches/glentoran-belfast-drumaness-2420657
https://www.forebet.com/en/football/matches/penrhyncoch-gresford-athletic-2384743
https://www.forebet.com/en/football/matches/gateshead-braintree-town-2339739
https://www.forebet.com/en/football/matches/brackley-town-solihull-moors-2339743
https://www.forebet.com/en/football/matches/woking-boreham-wood-2339745
https://www.forebet.com/en/football/matches/south-shields-macclesfield-2340752
https://www.forebet.com/en/football/matches/hereford-utd-afc-fylde-2340753
https://www.forebet.com/en/football/matches/alfreton-town-buxton-fc-2340755
https://www.forebet.com/en/football/matches/spennymoor-town-kidderminster-2340757
https://www.forebet.com/en/football/matches/bath-city-hemel-hempstead-2341297
https://www.forebet.com/en/football/matches/chelmsford-afc-totton-2341300
https://www.forebet.com/en/football/matches/chesham-united-eastbourne-2341301
https://www.forebet.com/en/football/matches/weston-s-mare-tonbridge-angels-2341304
https://www.forebet.com/en/football/matches/enfield-town-horsham-2341306
https://www.forebet.com/en/football/matches/torquay-united-dorking-wanderers-2341307
https://www.forebet.com/en/football/matches/hamilton-academical-stenhousemuir-fc-2325248
https://www.forebet.com/en/football/matches/montrose-fc-kelty-hearts-2325249
https://www.forebet.com/en/football/matches/peterhead-fc-alloa-athletic-2325246
https://www.forebet.com/en/football/matches/spartans-fc-stirling-albion-2325428
https://www.forebet.com/en/football/matches/welling-utd-carshalton-2342136
https://www.forebet.com/en/football/matches/cheshunt-fc-dartford-2342137
https://www.forebet.com/en/football/matches/wingate-&-finchley-canvey-island-2342139
https://www.forebet.com/en/football/matches/bromsgrove-sporting-harborough-town-2343268
https://www.forebet.com/en/football/matches/kettering-town-redditch-utd-2343269
https://www.forebet.com/en/football/matches/stourbridge-fc-needham-market-2343270
https://www.forebet.com/en/football/matches/halesowen-town-banbury-united-2343272
https://www.forebet.com/en/football/matches/bury-town-quorn-2343273
https://www.forebet.com/en/football/matches/bishop's-stortford-worcester-2343274
https://www.forebet.com/en/football/matches/alvechurch-fc-st-ives-town-2423493
https://www.forebet.com/en/football/matches/stratford-town-stamford-2423494
https://www.forebet.com/en/football/matches/taunton-farnham-town-2343649
https://www.forebet.com/en/football/matches/hanwell-town-sholing-2343657
https://www.forebet.com/en/football/matches/cleethorpes-town-morpeth-town-2341776
https://www.forebet.com/en/football/matches/fc-alverca-ii-portimonense-b-2346068
https://www.forebet.com/en/football/matches/mort%C3%A1gua-fc-ac-marinhense-2345886
https://www.forebet.com/en/football/matches/vit%C3%B3ria-sernache-benfica-c.-branco-2345887
https://www.forebet.com/en/football/matches/os-marialvas-ud-da-serra-2345888
https://www.forebet.com/en/football/matches/cd-f%C3%A1tima-oliveira-do-hospital-2345890
https://www.forebet.com/en/football/matches/samora-correir-gd-peniche-2345891
https://www.forebet.com/en/football/matches/c%C3%A1diz-cf-b-conil-cf-2377232
https://www.forebet.com/en/football/matches/berwick-rangers-clydebank-fc-2420482
https://www.forebet.com/en/football/matches/keith-fc-forres-mechanics-2331312
https://www.forebet.com/en/football/matches/turriff-united-inverurie-loco-works-2331316
https://www.forebet.com/en/football/matches/formartine-united-banks-o'-dee-2331317
https://www.forebet.com/en/football/matches/antequera-cf-algeciras-cf-2365163
https://www.forebet.com/en/football/matches/mechelen-w-patro-eisden-w-2362680
https://www.forebet.com/en/football/matches/manchester-city-fulham-2315993
https://www.forebet.com/en/football/matches/aston-villa-brighton-2315997
/en/football/matches/boca-juniors-cali-deportes-quindío-2419026|Boca Juniors Cali|Deportes Quindío|Primera B|Co2
/en/football/matches/valledupar-fc-envigado-fc-2419027|Valledupar FC|Envigado FC|Primera B|Co2
/en/football/matches/ec-são-josé-caxias-rs-2412990|EC São José|Caxias RS|Campeonato Gaúcho|BrG
/en/football/matches/vilavelhense-es-real-noroeste-es-2414085|Vilavelhense ES|Real Noroeste ES|Campeonato Capixaba|BrC
/en/football/matches/piaui-pi-parnahyba-pi-2413135|Piaui PI|Parnahyba PI|Campeonato Piauiense|BrP
/en/football/matches/vasco-da-gama-ac-adesg-ac-2415944|Vasco da Gama AC|ADESG AC|Campeonato Acreano|BrA
/en/football/matches/unión-magdalena-bogotá-fc-2418913|Unión Magdalena|Bogotá FC|Primera B|Co2
/en/football/matches/portuguesa-sp-guarani-2413744|Portuguesa SP|Guarani|Campeonato Paulista|BrP
/en/football/matches/querétaro-w-toluca-w-2412331|Querétaro W|Toluca W|Liga MX Women|MxW
/en/football/matches/nova-iguacu-rj-volta-redonda-2414053|Nova Iguacu RJ|Volta Redonda|Campeonato Carioca|BrC
/en/football/matches/fortaleza-floresta-ce-2419512|Fortaleza|Floresta CE|Campeonato Cearense|BrC
/en/football/matches/necaxa-w-pachuca-w-2412332|Necaxa W|Pachuca W|Liga MX Women|MxW
/en/football/matches/aserrí-consultants-moravia-2413570|Aserrí|Consultants Moravia|Liga de Ascenso|Cr2
/en/football/matches/león-w-monterrey-w-2412333|León W|Monterrey W|Liga MX Women|MxW
/en/football/matches/umecit-cd-plaza-amador-2418776|UMECIT|CD Plaza Amador|Football League|Pa1
/en/football/matches/pérez-zeledón-sporting-(crc)-2414126|Pérez Zeledón|Sporting (CRC)|Primera División|Cr1
/en/football/matches/deportivo-ayense-aguacateros-cdu-2408719|Deportivo Ayense|Aguacateros CDU|Liga Premier Serie B|Mx3
/en/football/matches/meghalaya-services-2416519|Meghalaya|Services|Santosh Trophy|InT
/en/football/matches/kerala-orissa-2416520|Kerala|Orissa|Santosh Trophy|InT
/en/football/matches/dukla-praha-b-teplice-b-2413443|Dukla Praha B|Teplice B|Tipsport liga|CzT
/en/football/matches/hekimoglu-trabzon-belediye-derincespor-2419480|Hekimoglu Trabzon|Belediye Derincespor|TFF 2. Lig|Tr3
/en/football/matches/nassaji-mazandaran-pars-jonoubi-jam-2416466|Nassaji Mazandaran|Pars Jonoubi Jam|League 1|Ir2
/en/football/matches/mes-soongoun-ario-eslamshahr-2416469|Mes Soongoun|Ario Eslamshahr|League 1|Ir2
/en/football/matches/besat-kermanshah-navad-urmia-2416470|Be'sat Kermanshah|Navad Urmia|League 1|Ir2
/en/football/matches/mes-shahr-e-babak-sorkhpooshan-pakdasht-2416471|Mes Shahr-e Babak|Sorkhpooshan Pakdasht|League 1|Ir2
/en/football/matches/niroye-zamini-mes-kerman-2416472|Niroye Zamini|Mes Kerman|League 1|Ir2
/en/football/matches/naft-gachsaran-fard-alborz-2416474|Naft Gachsaran|Fard Alborz|League 1|Ir2
/en/football/matches/aluminium-arak-teraktor-sazi-2419267|Aluminium Arak|Teraktor Sazi|Persian Gulf Pro League|Ir1
/en/football/matches/benfica-u23-santa-clara-u23-2418375|Benfica U23|Santa Clara U23|Liga Revelacao U23|PtU
/en/football/matches/portimonense-u23-gil-vicente-u23-2418376|Portimonense U23|Gil Vicente U23|Liga Revelacao U23|PtU
/en/football/matches/halide-edip-adivar-elazıgspor-2419479|Halide Edip Adivar|Elazıgspor|TFF 2. Lig|Tr3
/en/football/matches/najaf-fc-zakho-fc-2419224|Najaf FC|Zakho FC|Stars League|Iq1
/en/football/matches/karkh-sc-arbil-fc-2419225|Karkh SC|Arbil FC|Stars League|Iq1
/en/football/matches/negele-arsi-ketema-sidama-bunna-2400934|Negele Arsi Ketema|Sidama Bunna|Premier League|Et1
/en/football/matches/sheger-ketema-dire-dawa-kenema-2400943|Sheger Ketema|Dire Dawa Kenema|Premier League|Et1
/en/football/matches/al-fajr-merreikh-abyad-2419465|Al Fajr|Merreikh Abyad|Premier League|Sd1
/en/football/matches/esteghlal-tehran-esteghlal-khuzestan-2419266|Esteghlal Tehran|Esteghlal Khuzestan|Persian Gulf Pro League|Ir1
/en/football/matches/ahli-khartoum-ahli-wad-madani-2419466|Ahli Khartoum|Ahli Wad Madani|Premier League|Sd1
/en/football/matches/abha-club-al-jabalain-2416553|Abha Club|Al Jabalain|1st Division|Sa2
/en/football/matches/al-jndal-al-anwar-(ksa)-2416554|Al Jndal|Al Anwar (KSA)|1st Division|Sa2
/en/football/matches/esperance-st-js-kairouanaise-2419249|Esperance ST|JS Kairouanaise|Ligue Professionnelle 1|Tn1
/en/football/matches/ca-bizertin-js-omranienne-2419250|CA Bizertin|JS Omranienne|Ligue Professionnelle 1|Tn1
/en/football/matches/esperance-zarzis-club-africain-tunis-2419251|Esperance Zarzis|Club Africain Tunis|Ligue Professionnelle 1|Tn1
/en/football/matches/cs-sfaxien-es-metlaoui-2419252|CS Sfaxien|ES Metlaoui|Ligue Professionnelle 1|Tn1
/en/football/matches/al-suqoor-tobruk-al-sadaka-2419191|Al Suqoor Tobruk|Al Sadaka|Premier League|Ly1
/en/football/matches/wa-tlemcen-na-hussein-dey-2415681|WA Tlemcen|NA Hussein Dey|Ligue 2|Dz2
/en/football/matches/buhimba-united-saints-nec-2419240|Buhimba United Saints|NEC|Premier League|Ug1
/en/football/matches/kcc-kampala-updf-fc-2419241|KCC Kampala|UPDF FC|Premier League|Ug1
/en/football/matches/lugazi-municipal-bul-fc-2419242|Lugazi Municipal|Bul FC|Premier League|Ug1
/en/football/matches/calvary-ura-kampala-2419243|Calvary|URA Kampala|Premier League|Ug1
/en/football/matches/gaddafi-fc-maroons-fc-2419244|Gaddafi FC|Maroons FC|Premier League|Ug1
/en/football/matches/ittihad-kalba-al-ain-2419488|Ittihad Kalba|Al Ain|Football League|Ae1
/en/football/matches/al-hilal-al-manaqil-umm-mughad-2420777|Al Hilal Al Manaqil|Umm Mughad|Premier League|Sd1
/en/football/matches/al-khums-al-watan-2419190|Al Khums|Al Watan|Premier League|Ly1
/en/football/matches/venda-fa-casric-stars-2392848|Venda FA|Casric Stars|National First Division|Za2
/en/football/matches/cape-town-city-pretoria-university-2392849|Cape Town City|Pretoria University|National First Division|Za2
/en/football/matches/lerumo-lions-gomora-2392850|Lerumo Lions|Gomora|National First Division|Za2
/en/football/matches/markhiya-sc-khor-sc-2419066|Markhiya SC|Khor SC|Qatar Stars Cup|QaC
/en/football/matches/newroz-sc-(irq)-al-karma-2419227|Newroz SC (IRQ)|Al-Karma|Stars League|Iq1
/en/football/matches/shorta-baghdad-naft-maysan-2419228|Shorta Baghdad|Naft Maysan|Stars League|Iq1
/en/football/matches/ahly-cairo-wadi-degla-sc-2334902|Ahly Cairo|Wadi Degla SC|Premier League|Eg1
/en/football/matches/ethiopian-coffee-ethiopia-nigd-bank-2400941|Ethiopian Coffee|Ethiopia Nigd Bank|Premier League|Et1
/en/football/matches/famalicão-u23-academico-viseu-u23-2418374|Famalicão U23|Academico Viseu U23|Liga Revelacao U23|PtU
/en/football/matches/as-douanes-rahimo-2390633|AS Douanes|Rahimo|Premier League|Bf1
/en/football/matches/shahaniya-sc-shamal-sc-2419067|Shahaniya SC|Shamal SC|Qatar Stars Cup|QaC
/en/football/matches/sailiya-sc-al-bidda-sc-2419068|Sailiya SC|Al Bidda SC|Qatar Stars Cup|QaC
/en/football/matches/wahda-abu-dhabi-dubba-al-fujairah-2419489|Wahda Abu Dhabi|Dubba Al Fujairah|Football League|Ae1
/en/football/matches/al-saham-ad-damer-merreikh-al-sudan-2419469|Al Saham Ad Damer|Merreikh Al Sudan|Premier League|Sd1
/en/football/matches/muharraq-sc-shabab-manama-2418394|Muharraq SC|Shabab Manama|Premier League|Bh1
/en/football/matches/al-hidd-club-bahrain-club-2418395|Al Hidd Club|Bahrain Club|Premier League|Bh1
/en/football/matches/coastal-union-kmc-2419042|Coastal Union|KMC|Ligi Kuu Bara|Tz1
/en/football/matches/young-africans-dodoma-jiji-2419913|Young Africans|Dodoma Jiji|Ligi Kuu Bara|Tz1
/en/football/matches/pompiers-nouadhibou-2416491|Pompiers|Nouadhibou|Ligue 1|Mr1
/en/football/matches/al-hilal-al-sudani-kober-khartoum-2413479|Al Hilal Al Sudani|Kober Khartoum|Premier League|Sd1
/en/football/matches/east-end-lions-fc-slifa-mount-aureol-2419032|East End Lions FC|SLIFA Mount Aureol|Premier League|Sl1
/en/football/matches/al-ahli-benghazi-al-borouq-2419189|Al Ahli Benghazi|Al Borouq|Premier League|Ly1
/en/football/matches/talaba-baghdad-diyala-fc-2419226|Talaba Baghdad|Diyala FC|Stars League|Iq1
/en/football/matches/abu-salim-al-ahli-tripoli-2419188|Abu Salim|Al Ahli Tripoli|Premier League|Ly1
/en/football/matches/vipers-sc-police-fc-(uga)-2419239|Vipers SC|Police FC (UGA)|Premier League|Ug1
/en/football/matches/hamrun-spartans-fgura-united-2419085|Hamrun Spartans|Fgura United|FA Trophy|MtC
/en/football/matches/sekhukhune-utd-sundowns-fc-2339221|Sekhukhune Utd|Sundowns FC|Premier Soccer League|Za1
/en/football/matches/krc-genk-ii-rwd-molenbeek-2332840|KRC Genk II|RWD Molenbeek|Challenger Pro League|Be2
/en/football/matches/club-brugge-ii-kv-kortrijk-2332841|Club Brugge II|KV Kortrijk|Challenger Pro League|Be2
/en/football/matches/rfc-liège-lommel-united-2332842|RFC Liège|Lommel United|Challenger Pro League|Be2
/en/football/matches/beerschot-wilrijk-fc-seraing-2332843|Beerschot Wilrijk|FC Seraing|Challenger Pro League|Be2
/en/football/matches/eupen-ksv-temse-2332846|Eupen|KSV Temse|Challenger Pro League|Be2
/en/football/matches/patro-eisden-charleroi-marchienne-2332847|Patro Eisden|Charleroi-Marchienne|Challenger Pro League|Be2
/en/football/matches/são-francisco-pa-capitão-poço-2416973|São Francisco PA|Capitão Poço|Campeonato Paraense|BrP
/en/football/matches/sheffield-utd-u23-bournemouth-u23-2419086|Sheffield Utd U23|Bournemouth U23|Premier League Cup|PLC
/en/football/matches/hapoel-ironi-arraba-maccabi-neve-shaanan-2368859|Hapoel Ironi Arraba|Maccabi Neve Sha'anan|Liga Alef North|Il3
/en/football/matches/newport-county-accrington-stanley-2330139|Newport County|Accrington Stanley|League Two|L2
/en/football/matches/st-pauli
-rb-leipzig-2344037|St Pauli|RB Leipzig|Bundesliga|De1
/en/football/matches/werder-bremen-hoffenheim-2344041|Werder Bremen|Hoffenheim|Bundesliga|De1
/en/football/matches/huddersfield-luton-town-2326990|Huddersfield|Luton Town|League One|L1
/en/football/matches/cardiff-city-barnsley-2326991|Cardiff City|Barnsley|League One|L1
/en/football/matches/plymouth-argyle-mansfield-2326992|Plymouth Argyle|Mansfield|League One|L1
/en/football/matches/bolton-wanderers-burton-albion-2326994|Bolton Wanderers|Burton Albion|League One|L1
/en/football/matches/stevenage-peterborough-2326996|Stevenage|Peterborough|League One|L1
/en/football/matches/wycombe-wigan-athletic-2326997|Wycombe|Wigan Athletic|League One|L1
/en/football/matches/rotherham-northampton-town-2326998|Rotherham|Northampton Town|League One|L1
/en/football/matches/blackpool-stockport-county-2326999|Blackpool|Stockport County|League One|L1
/en/football/matches/lincoln-city-bradford-city-2327000|Lincoln City|Bradford City|League One|L1
/en/football/matches/bromley-fc-crewe-alexandra-2330141|Bromley FC|Crewe Alexandra|League Two|L2
/en/football/matches/milton-keynes-dons-bristol-rovers-2330142|Milton Keynes Dons|Bristol Rovers|League Two|L2
/en/football/matches/harrogate-town-fleetwood-town-2330143|Harrogate Town|Fleetwood Town|League Two|L2
/en/football/matches/barnet-tranmere-rovers-2330144|Barnet|Tranmere Rovers|League Two|L2
/en/football/matches/colchester-utd-grimsby-town-2330145|Colchester Utd|Grimsby Town|League Two|L2
/en/football/matches/salford-city-chesterfield-2330147|Salford City|Chesterfield|League Two|L2
/en/football/matches/walsall-fc-crawley-town-2330148|Walsall FC|Crawley Town|League Two|L2
/en/football/matches/cambridge-utd-shrewsbury-2330149|Cambridge Utd|Shrewsbury|League Two|L2
/en/football/matches/notts-county-swindon-town-2330150|Notts County|Swindon Town|League Two|L2
/en/football/matches/rochdale-southend-utd-2339484|Rochdale|Southend Utd|National League|NL
/en/football/matches/peterborough-sports-macclesfield-2340726|Peterborough Sports|Macclesfield|National League North|NLn
/en/football/matches/marine-chester-fc-2340727|Marine|Chester FC|National League North|NLn
/en/football/matches/bedford-town-kidderminster-2340728|Bedford Town|Kidderminster|National League North|NLn
/en/football/matches/cúcuta-deportivo-atlético-bucaramanga-2415171|Cúcuta Deportivo|Atlético Bucaramanga|Primera A|Co1
/en/football/matches/cobán-imperial-cd-marquense-2416071|Cobán Imperial|CD Marquense|Liga Nacional|Gt1
/en/football/matches/sportivo-luqueno-nacional-asunción-2416837|Sportivo Luqueno|Nacional Asunción|Primera Division|Py1
/en/football/matches/iguatu-ce-horizonte-ce-2419513|Iguatu CE|Horizonte CE|Campeonato Cearense|BrC
/en/football/matches/galicia-ba-alagoinhas-atlético-ba-2412893|Galicia BA|Alagoinhas Atlético BA|Campeonato Baiano|BrB
/en/football/matches/ca-huracán-independiente-rivadavia-2417136|CA Huracán|Independiente Rivadavia|Liga Profesional|Ar1
/en/football/matches/gimnasia-mendoza-san-lorenzo-2417137|Gimnasia Mendoza|San Lorenzo|Liga Profesional|Ar1
/en/football/matches/bagatelle-paradise-2414722|Bagatelle|Paradise|Premier League|Bb1
/en/football/matches/são-raimundo-rr-progresso-rr-2417678|São Raimundo RR|Progresso RR|Campeonato Roraimense|BrR
/en/football/matches/cs-san-lorenzo-cerro-porteño-2416838|CS San Lorenzo|Cerro Porteño|Primera Division|Py1
/en/football/matches/fortaleza-(col)-llaneros-fc-(col)-2415172|Fortaleza (COL)|Llaneros FC (COL)|Primera A|Co1
/en/football/matches/cuiabá-união-rondonópolis-mt-2413970|Cuiabá|União Rondonópolis MT|Campeonato Matogrossense|BrM
/en/football/matches/guadalupe-fc-ld-alajuelense-2414134|Guadalupe FC|LD Alajuelense|Primera División|Cr1
/en/football/matches/yeni-malatyaspor-fethiyespor-2420210|Yeni Malatyaspor|Fethiyespor|TFF 2. Lig|Tr3
/en/football/matches/desp-ferroviária-es-rio-branco-es-2414086|Desp. Ferroviária ES|Rio Branco ES|Campeonato Capixaba|BrC
/en/football/matches/weymouth-wales-st-andrew-lions-2414723|Weymouth Wales|St. Andrew Lions|Premier League|Bb1
/en/football/matches/rio-negro-rr-náutico-rr-2417679|Rio Negro RR|Náutico RR|Campeonato Roraimense|BrR
/en/football/matches/atlético-tucumán-central-córdoba-sde-2417138|Atlético Tucumán|Central Córdoba SdE|Liga Profesional|Ar1
/en/football/matches/newells-old-boys-independiente-2417139|Newell's Old Boys|Independiente|Liga Profesional|Ar1
/en/football/matches/ind-medellin-deportes-tolima-2415173|Ind Medellin|Deportes Tolima|Primera A|Co1
/en/football/matches/uttarakhand-nagaland-2416521|Uttarakhand|Nagaland|Santosh Trophy|InT
/en/football/matches/west-bengal-tamilnadu-2416522|West Bengal|Tamilnadu|Santosh Trophy|InT
/en/football/matches/rajasthan-united-assam-2416523|Rajasthan United|Assam|Santosh Trophy|InT
/en/football/matches/mus-menderesspor-kırklarelispor-2419481|Mus Menderesspor|Kırklarelispor|TFF 2. Lig|Tr3
/en/football/matches/yarmanya-utd-sagaing-united-2419510|Yarmanya Utd|Sagaing United|National League|MNL
/en/football/matches/ankaraspor-tuzlaspor-2419477|Ankaraspor|Tuzlaspor|TFF 2. Lig|Tr3
/en/football/matches/kastamonuspor-kepez-belediyespor-2419478|Kastamonuspor|Kepez Belediyespor|TFF 2. Lig|Tr3
/en/football/matches/mes-rafsanjan-zob-ahan-2419265|Mes Rafsanjan|Zob Ahan|Persian Gulf Pro League|Ir1
/en/football/matches/bandari-fc-kenya-police-fc-2391190|Bandari FC|Kenya Police FC|Premier League|Ke1
/en/football/matches/paykan-fc-caspian-qazvin-2419264|Paykan FC|Caspian Qazvin|Persian Gulf Pro League|Ir1
/en/football/matches/somaspor-ankara-demirspor-2419482|Somaspor|Ankara Demirspor|TFF 2. Lig|Tr3
/en/football/matches/perth-glory-w-sydney-w-2402867|Perth Glory W|Sydney W|A-League Women|AuW
/en/football/matches/lamphun-warrior-chonburi-fc-2416536|Lamphun Warrior|Chonburi FC|League Cup|ThL
/en/football/matches/thap-luang-united-sukhothai-fc-2416537|Thap Luang United|Sukhothai FC|League Cup|ThL
/en/football/matches/marítimo-u23-rio-ave-u23-2419521|Marítimo U23|Rio Ave U23|Liga Revelacao U23|PtU
/en/football/matches/foolad-khuzestan-persepolis-fc-2419261|Foolad Khuzestan|Persepolis FC|Persian Gulf Pro League|Ir1
/en/football/matches/fajr-sepasi-kheybar-khorramabad-2419263|Fajr Sepasi|Kheybar Khorramabad|Persian Gulf Pro League|Ir1
/en/football/matches/mahasarakham-sambaitao-fc-nakhonratchasima-2416538|Mahasarakham Sambaitao FC|Nakhonratchasima|League Cup|ThL
/en/football/matches/sanlıurfaspor-inegölspor-2419471|Sanlıurfaspor|Inegölspor|TFF 2. Lig|Tr3
/en/football/matches/karacabey-bld-erzinspor-2419472|Karacabey Bld.|Erzinspor|TFF 2. Lig|Tr3
/en/football/matches/karaman-belediyespor-erbaaspor-sk-2419473|Karaman Belediyespor|Erbaaspor SK|TFF 2. Lig|Tr3
/en/football/matches/altınordu-sk-adana-1954-fk-2419474|Altınordu SK|Adana 1954 FK|TFF 2. Lig|Tr3
/en/football/matches/muğlaspor-buca-fk-2419475|Muğlaspor|Buca FK|TFF 2. Lig|Tr3
/en/football/matches/batman-petrolspor-24-erzincanspor-2419476|Batman Petrolspor|24 Erzincanspor|TFF 2. Lig|Tr3
/en/football/matches/içel-idman-yurdu-kahramanmaraş-İstiklalsp-2419483|Içel Idman Yurdu|Kahramanmaraş İstiklalsp|TFF 2. Lig|Tr3
/en/football/matches/arnavutköy-bld-bursaspor-2419484|Arnavutköy Bld.|Bursaspor|TFF 2. Lig|Tr3
/en/football/matches/adanaspor-68-aksaray-bld-2419485|Adanaspor|68 Aksaray Bld.|TFF 2. Lig|Tr3
/en/football/matches/aliağa-fk-mardin-bb-2419486|Aliağa FK|Mardin BB|TFF 2. Lig|Tr3
/en/football/matches/eastern-aa-north-district-2419910|Eastern AA|North District|Premier League|HK1
/en/football/matches/etoile-de-kivu-new-jack-2419901|Etoile de Kivu|New Jack|Ligue 1|CD1
/en/football/matches/simba(drc)-saint-luc-2419902|Simba(DRC)|Saint-Luc|Ligue 1|CD1
/en/football/matches/minaa-basra-naft-sc-baghdad-2419229|Mina'a Basra|Naft SC Baghdad|Stars League|Iq1
/en/football/matches/al-qasim-sc-mosul-fc-2419230|Al Qasim SC|Mosul FC|Stars League|Iq1
/en/football/matches/soy-united-gucha-stars-2419924|Soy United|Gucha Stars|Super League|Ke2
/en/football/matches/pattani-fc-uthai-thani-fc-2416539|Pattani FC|Uthai Thani FC|League Cup|ThL
/en/football/matches/port-fc-ayutthaya-united-2416540|Port FC|Ayutthaya United|League Cup|ThL
/en/football/matches/al-zamala-sc-hilal-al-fasher-2419467|Al Zamala SC|Hilal Al Fasher|Premier League|Sd1
/en/football/matches/sepahan-esfahan-gol-gohar-2419262|Sepahan Esfahan|Gol Gohar|Persian Gulf Pro League|Ir1
/en/football/matches/al-bukiryah-al-ula-2416555|Al Bukiryah|Al Ula|1st Division|Sa2
/en/football/matches/al-tai-al-oruba-(ksa)-2416556|Al Ta'i|Al Oruba (KSA)|1st Division|Sa2
/en/football/matches/olympique-béja-us-monastir-2419245|Olympique Béja|US Monastir|Ligue Professionnelle 1|Tn1
/en/football/matches/stade-tunisien-slimane-2419246|Stade Tunisien|Slimane|Ligue Professionnelle 1|Tn1
/en/football/matches/as-marsa-as-gabès-2419247|AS Marsa|AS Gabès|Ligue Professionnelle 1|Tn1
/en/football/matches/Étoile-sahel-sousse-us-ben-guerdane-2419248|Étoile Sahel Sousse|US Ben Guerdane|Ligue Professionnelle 1|Tn1
/en/football/matches/coton-sport-aigle-royal-de-moungo-2417719|Coton Sport|Aigle Royal de Moungo|Elite One|Cm1
/en/football/matches/al-wefaq-ajdabiyah-tahaddy-benghazi-2419187|Al Wefaq Ajdabiyah|Tahaddy Benghazi|Premier League|Ly1
/en/football/matches/kabwe-warriors-nchanga-rangers-2419500|Kabwe Warriors|Nchanga Rangers|Premier League|Zm1
/en/football/matches/mufulira-wanderers-green-buffaloes-2419501|Mufulira Wanderers|Green Buffaloes|Premier League|Zm1
/en/football/matches/kitara-fc-express-fc-2419238|Kitara FC|Express FC|Premier League|Ug1
/en/football/matches/ajman-club-al-ahli-dubai-2419490|Ajman Club|Al Ahli Dubai|Football League|Ae1
/en/football/matches/al-dhafra-sharjah-sc-2419491|Al Dhafra|Sharjah SC|Football League|Ae1
/en/football/matches/al-shorta-(sud)-merghani-kassala-2420545|Al Shorta (SUD)|Merghani Kassala|Premier League|Sd1
/en/football/matches/olympic-zawiya-al-ittihad-al-misrati-2419186|Olympic Zawiya|Al Ittihad Al Misrati|Premier League|Ly1
/en/football/matches/upington-city-black-leopards-2392851|Upington City|Black Leopards|National First Division|Za2
/en/football/matches/baroka-fc-highbury-2392852|Baroka FC|Highbury|National First Division|Za2
/en/football/matches/kruger-united-hungry-lions-fc-2392853|Kruger United|Hungry Lions FC|National First Division|Za2
/en/football/matches/milford-fc-leicesterfield-city-2392854|Milford FC|Leicesterfield City|National First Division|Za2
/en/football/matches/midlands-wanderers-the-bees-2392855|Midlands Wanderers|The Bees|National First Division|Za2
/en/football/matches/latina-calcio-ac-renate-2419095|Latina Calcio|AC Renate|Coppa Italia Serie C|ItC
/en/football/matches/kuwait-sc-salmiya-sc-2419097|Kuwait SC|Salmiya SC|Super Cup|KwS
/en/football/matches/isparta-davrazspor-menemen-bld-2419487|Isparta Davrazspor|Menemen Bld|TFF 2. Lig|Tr3
/en/football/matches/fc-renaissance-(drc)-bukavu-dawa-2419905|FC Renaissance (DRC)|Bukavu Dawa|Ligue 1|CD1
/en/football/matches/kano-pillars-katsina-united-2388391|Kano Pillars|Katsina United|Professional Football League|Ng1
/en/football/matches/kahraba-baghdad-quwa-al-jawiya-2419231|Kahraba Baghdad|Quwa Al Jawiya|Stars League|Iq1
/en/football/matches/duhok-sc-zawraa-baghdad-2419232|Duhok SC|Zawra'a Baghdad|Stars League|Iq1
/en/football/matches/zamalek-sc-petrojet-suez-2369528|Zamalek SC|Petrojet Suez|Premier League|Eg1
/en/football/matches/plateau-united-enugu-rangers-2388386|Plateau United|Enugu Rangers|Professional Football League|Ng1
/en/football/matches/abia-warriors-wikki-tourists-2388392|Abia Warriors|Wikki Tourists|Professional Football League|Ng1
/en/football/matches/nasarawa-utd-enyimba-2388394|Nasarawa Utd|Enyimba|Professional Football League|Ng1
/en/football/matches/gazelle-colombe-fc-2417720|Gazelle|Colombe FC|Elite One|Cm1
/en/football/matches/hussein-irbid-al-salt-2417067|Hussein Irbid|Al Salt|Premier League|JO1
/en/football/matches/al-adalah-al-diriya-2416557|Al Adalah|Al Dir'iya|1st Division|Sa2
/en/football/matches/estrela-u23-farense-u23-2419522|Estrela U23|Farense U23|Liga Revelacao U23|PtU
/en/football/matches/al-najma-(ksa)-al-riyadh-sc-2362115|Al Najma (KSA)|Al Riyadh SC|Professional League|Sa1
/en/football/matches/al-wahda-mecca-jeddah-club-2416558|Al Wahda Mecca|Jeddah Club|1st Division|Sa2
/en/football/matches/wasl-dubai-khor-fakkan-club-2419492|Wasl Dubai|Khor Fakkan Club|Football League|Ae1
/en/football/matches/nasr-benghazi-khaleej-sirte-2419185|Nasr Benghazi|Khaleej Sirte|Premier League|Ly1
/en/football/matches/sitra-club-riffa-club-2418396|Sitra Club|Riffa Club|Premier League|Bh1
/en/football/matches/al-ali-csc-najma-manama-2418397|Al Ali CSC|Najma Manama|Premier League|Bh1
/en/football/matches/nouakchott-academie-tevragh-zeïne-2416492|Nouakchott Academie|Tevragh-Zeïne|Ligue 1|Mr1
/en/football/matches/cd-tenerife-b-rayo-vallecano-b-2380540|CD Tenerife B|Rayo Vallecano B|Segunda B Grupo 5|Es3
/en/football/matches/psv-w-utrecht-w-2411654|PSV W|Utrecht W|KNVB Beker Women|NlW
/en/football/matches/al-arabi-kuwait-qadisiya-kuwait-2419098|Al Arabi Kuwait|Qadisiya Kuwait|Super Cup|KwS
/en/football/matches/abilashehar-club-al-majd-tripoli-2419184|Abilashehar Club|Al Majd Tripoli|Premier League|Ly1
/en/football/matches/floriana-fc-zabbar-st-patrick-2419081|Floriana FC|Zabbar St. Patrick|FA Trophy|MtC
/en/football/matches/ad-sarchí-ad-cofutpa-2413584|AD Sarchí|AD Cofutpa|Liga de Ascenso|Cr2
/en/football/matches/villa-sc-mbarara-city-2419237|Villa SC|Mbarara City|Premier League|Ug1
/en/football/matches/potenza-sc-ternana-calcio-2419096|Potenza SC|Ternana Calcio|Coppa Italia Serie C|ItC
/en/football/matches/inter-milano-w-ternana-w-2419099|Inter Milano W|Ternana W|Coppa Italia Women|ItW
/en/football/matches/roma-w-lazio-w-2419100|Roma W|Lazio W|Coppa Italia Women|ItW
/en/football/matches/tarxien-rainbows-valletta-fc-2419080|Tarxien Rainbows|Valletta FC|FA Trophy|MtC
/en/football/matches/marumo-gallants-kaizer-chiefs-2339203|Marumo Gallants|Kaizer Chiefs|Premier Soccer League|Za1
/en/football/matches/al-feiha-al-khaleej-club-2362113|Al Feiha|Al Khaleej Club|Professional League|Sa1
/en/football/matches/al-ahli-ettifaq-fc-2362114|Al Ahli|Ettifaq FC|Professional League|Sa1
/en/football/matches/feyenoord-w-az-w-2411652|Feyenoord W|AZ W|KNVB Beker Women|NlW
/en/football/matches/génesis-real-españa-2416826|Génesis|Real España|Liga Nacional|Hn1
/en/football/matches/deportivo-achuapa-deportivo-mixco-2416072|Deportivo Achuapa|Deportivo Mixco|Liga Nacional|Gt1
/en/football/matches/cd-Águila-platense-(slv)-2415386|CD Águila|Platense (SLV)|Primera Division|Sv1
/en/football/matches/libertad-sportivo-ameliano-2416839|Libertad|Sportivo Ameliano|Primera Division|Py1
/en/football/matches/forte-fc-serra-es-2414087|Forte FC|Serra ES|Campeonato Capixaba|BrC
/en/football/matches/chichicasteco-aguacatán-2419892|Chichicasteco|Aguacatán|Primera Division|Gt2
/en/football/matches/alianza-petrolera-boyacá-chicó-2415174|Alianza Petrolera|Boyacá Chicó|Primera A|Co1
/en/football/matches/racing-club-rosario-central-2417141|Racing Club|Rosario Central|Liga Profesional|Ar1
/en/football/matches/vitória-remo-pa-2417894|Vitória|Remo PA|Brasileiro Serie A|Br1
/en/football/matches/atlético-mineiro-palmeiras-2417895|Atlético Mineiro|Palmeiras|Brasileiro Serie A|Br1
/en/football/matches/internacional-atlético-pr-2417896|Internacional|Atlético PR|Brasileiro Serie A|Br1
/en/football/matches/coritiba-rb-bragantino-2417897|Coritiba|RB Bragantino|Brasileiro Serie A|Br1
/en/football/matches/central-fc-(tt)-san-juan-jabloteh-2419926|Central FC (T&T)|San Juan Jabloteh|TT Pro League|TT1
/en/football/matches/maranguape-ce-maracanã-ce-2419514|Maranguape CE|Maracanã CE|Campeonato Cearense|BrC
/en/football/matches/itapirense-francana-2416712|Itapirense|Francana|Campeonato Paulista A3|BrP
/en/football/matches/marília-sp-bandeirante-sp-2416713|Marília SP|Bandeirante SP|Campeonato Paulista A3|BrP
/en/football/matches/porto-ba-barcelona-ba-2412894|Porto BA|Barcelona BA|Campeonato Baiano|BrB
/en/football/matches/fluminense-grêmio-2417898|Fluminense|Grêmio|Brasileiro Serie A|Br1
/en/football/matches/sousa-pb-treze-2414638|Sousa PB|Treze|Campeonato Paraibano|BrP
/en/football/matches/iape-ma-maranhão-ma-2413938|IAPE MA|Maranhão MA|Campeonato Maranhense|BrM
/en/football/matches/itz-sport-luminense-2413939|ITZ Sport|Luminense|Campeonato Maranhense|BrM
/en/football/matches/moto-clube-ma-imperatriz-2413940|Moto Clube MA|Imperatriz|Campeonato Maranhense|BrM
/en/football/matches/jataiense-go-anapolina-go-2413060|Jataiense GO|Anapolina GO|Campeonato Goiano|BrG
/en/football/matches/atlético-go-inhumas-2413061|Atlético GO|Inhumas|Campeonato Goiano|BrG
/en/football/matches/crac-go-aparecidense-go-2413063|CRAC GO|Aparecidense GO|Campeonato Goiano|BrG
/en/football/matches/sao-bento-são-josé-ec-2413812|Sao Bento|São José EC|Campeonato Paulista A2|BrP
/en/football/matches/grêmio-prudente-xv-de-piracicaba-sp-2413813|Grêmio Prudente|XV de Piracicaba SP|Campeonato Paulista A2|BrP
/en/football/matches/linense-sp-taubaté-2413814|Linense SP|Taubaté|Campeonato Paulista A2|BrP
/en/football/matches/união-são-joão-sp-uniao-barbarense-sp-2416714|União São João SP|Uniao Barbarense SP|Campeonato Paulista A3|BrP
/en/football/matches/catanduva-rio-preto-sp-2416715|Catanduva|Rio Preto SP|Campeonato Paulista A3|BrP
/en/football/matches/river-plate-gimnasia-la-plata-2417142|River Plate|Gimnasia La Plata|Liga Profesional|Ar1
/en/football/matches/corinthians-bahia-2417899|Corinthians|Bahia|Brasileiro Serie A|Br1
/en/football/matches/chapecoense-sc-santos-2417900|Chapecoense SC|Santos|Brasileiro Serie A|Br1
/en/football/matches/deportivo-guastatoya-aurora-2416073|Deportivo Guastatoya|Aurora|Liga Nacional|Gt1
/en/football/matches/prison-service-ac-port-of-spain-2419927|Prison Service|AC Port of Spain|TT Pro League|TT1
/en/football/matches/nautico-retrô-pe-2412839|Nautico|Retrô PE|Campeonato Pernambucano|BrP
/en/football/matches/primavera-mg-operario-mt-2413971|Primavera MG|Operario MT|Campeonato Matogrossense|BrM
/en/football/matches/ceov-ms-mixto-mt-2413972|CEOV MS|Mixto MT|Campeonato Matogrossense|BrM
/en/football/matches/sport-sinop-luverdense-2413973|Sport Sinop|Luverdense|Campeonato Matogrossense|BrM
/en/football/matches/nova-mutum-chapada-2413974|Nova Mutum|Chapada|Campeonato Matogrossense|BrM
/en/football/matches/santo-andré-sp-ferroviária-sp-2413809|Santo André SP|Ferroviária SP|Campeonato Paulista A2|BrP
/en/football/matches/inter-limeira-sp-agua-santa-sp-2413815|Inter Limeira SP|Agua Santa SP|Campeonato Paulista A2|BrP
/en/football/matches/oeste-fc-sertãozinho-sp-2413816|Oeste FC|Sertãozinho SP|Campeonato Paulista A2|BrP
/en/football/matches/independencia-humaitá-2415946|Independencia|Humaitá|Campeonato Acreano|BrA
/en/football/matches/olancho-cd-olimpia-2416827|Olancho|CD Olimpia|Liga Nacional|Hn1
/en/football/matches/2-de-mayo-olimpia-asunción-2416840|2 de Mayo|Olimpia Asunción|Primera Division|Py1
/en/football/matches/ind-santa-fe-deportivo-pereira-2415175|Ind Santa Fe|Deportivo Pereira|Primera A|Co1
/en/football/matches/costa-rica---ms-ivinhema-ms-2414676|Costa Rica - MS|Ivinhema MS|Campeonato Sul-Matogrossense|BrS
/en/football/matches/operario-ms-cr-aquidauana-2414677|Operario MS|CR Aquidauana|Campeonato Sul-Matogrossense|BrS
/en/football/matches/naviraiense-ms-corumbaense-ms-2414678|Naviraiense MS|Corumbaense MS|Campeonato Sul-Matogrossense|BrS
/en/football/matches/Águia-negra-ms-bataguassu-2414679|Águia Negra MS|Bataguassu|Campeonato Sul-Matogrossense|BrS
/en/football/matches/botafogo-pb-pombal-2414639|Botafogo PB|Pombal|Campeonato Paraibano|BrP
/en/football/matches/porto-vitória-rio-branco-vn-2414088|Porto Vitória|Rio Branco-VN|Campeonato Capixaba|BrC
/en/football/matches/são-paulo-flamengo-2417901|São Paulo|Flamengo|Brasileiro Serie A|Br1
/en/football/matches/juazeirense-jacuipense-ba-2412895|Juazeirense|Jacuipense BA|Campeonato Baiano|BrB
/en/football/matches/genus-ro-guaporé-ro-2414661|Genus RO|Guaporé RO|Campeonato Rondoniense|BrR
/en/football/matches/san-carlos-municipal-liberia-2414132|San Carlos|Municipal Liberia|Primera División|Cr1
/en/football/matches/csd-municipal-club-xelajú-mc-2416074|CSD Municipal|Club Xelajú MC|Liga Nacional|Gt1
/en/football/matches/alianza-fc-inter-fa-2415387|Alianza FC|Inter F.A|Primera Division|Sv1
/en/football/matches/santa-cruz-fc-adr-jicaral-2413581|Santa Cruz FC|ADR Jicaral|Liga de Ascenso|Cr2
/en/football/matches/peten-deportivo-carchá-2419893|Peten|Deportivo Carchá|Primera Division|Gt2
/en/football/matches/chiquimulilla-chimaltenango-2419894|Chiquimulilla|Chimaltenango|Primera Division|Gt2
/en/football/matches/suchitepéquez-quiché-2419895|Suchitepéquez|Quiché|Primera Division|Gt2
/en/football/matches/gomerano-san-pedro-2419896|Gomerano|San Pedro|Primera Division|Gt2
/en/football/matches/estudiantes-la-plata-boca-juniors-2417143|Estudiantes La Plata|Boca Juniors|Liga Profesional|Ar1
/en/football/matches/cd-marathón-juticalpa-2416828|CD Marathón|Juticalpa|Liga Nacional|Hn1
/en/football/matches/deportivo-pasto-millonarios-2415176|Deportivo Pasto|Millonarios|Primera A|Co1
/en/football/matches/port-layola-wagiya-sc-2416311|Port Layola|Wagiya SC|Premier League|Bz1
/en/football/matches/cs-herediano-puntarenas-2414135|CS Herediano|Puntarenas|Primera División|Cr1
/en/football/matches/aff-guatemala-cotzumalguapa-2419897|AFF Guatemala|Cotzumalguapa|Primera Division|Gt2
/en/football/matches/huehuetecos-cd-nueva-concepción-2419899|Huehuetecos|CD Nueva Concepción|Primera Division|Gt2
/en/football/matches/antigua-gfc-comunicaciones-2416075|Antigua GFC|Comunicaciones|Liga Nacional|Gt1
/en/football/matches/orissa-railway-2416524|Orissa|Railway|Santosh Trophy|InT
/en/football/matches/persekat-sulut-united-2419940|Persekat|Sulut United|Liga 2|Id2
/en/football/matches/services-punjab-2416525|Services|Punjab|Santosh Trophy|InT
/en/football/matches/meghalaya-kerala-2416526|Meghalaya|Kerala|Santosh Trophy|InT
/en/football/matches/ayeyawady-united-dagon-fc-2419509|Ayeyawady United|Dagon FC|National League|MNL
/en/football/matches/groupe-bazano-lubumbashi-sport-2420132|Groupe Bazano|Lubumbashi Sport|Ligue 1|CD1
/en/football/matches/malavan-fc-chadormalu-sc-2419260|Malavan FC|Chadormalu SC|Persian Gulf Pro League|Ir1
/en/football/matches/bayelsa-united-niger-tornadoes-2388388|Bayelsa United|Niger Tornadoes|Professional Football League|Ng1
/en/football/matches/blessing-us-panda-2420134|Blessing|US Panda|Ligue 1|CD1
/en/football/matches/cs-don-bosco-cs-manika-2420135|CS Don Bosco|CS Manika|Ligue 1|CD1
/en/football/matches/sm-sanga-balende-tp-mazembe-2420136|SM Sanga Balende|TP Mazembe|Ligue 1|CD1
/en/football/matches/tanganyika-fc-tshikas-2420137|Tanganyika|FC Tshikas|Ligue 1|CD1
/en/football/matches/adhyaksa-sriwijaya-fc-2419941|Adhyaksa|Sriwijaya FC|Liga 2|Id2
/en/football/matches/al-andalus-al-morooj-2419183|Al Andalus|Al Morooj|Premier League|Ly1
/en/football/matches/dakhleya-tersana-giza-2417093|Dakhleya|Tersana Giza|Second Division A|Eg2
/en/football/matches/al-intagh-al-harbi-tanta-fc-2417094|Al Intagh Al Harbi|Tanta FC|Second Division A|Eg2
/en/football/matches/maleyeit-kafr-el-zayiat-la-viena-2417095|Maleyeit Kafr El Zayiat|La Viena|Second Division A|Eg2
/en/football/matches/proxy-dairut-sc-2417097|Proxy|Dairut SC|Second Division A|Eg2
/en/football/matches/shabab-al-urdun-wihdat-amman-2417066|Shabab Al Urdun|Wihdat Amman|Premier League|JO1
/en/football/matches/al-afriqi-derna-sc-al-akhdar-sc-2419182|Al Afriqi Derna SC|Al Akhdar SC|Premier League|Ly1
/en/football/matches/simba-mashujaa-2420146|Simba|Mashujaa|Ligi Kuu Bara|Tz1
/en/football/matches/bataeh-sc-jazira-abu-dhabi-2419493|Bataeh SC|Jazira Abu Dhabi|Football League|Ae1
/en/football/matches/haidoub-fc-hay-al-wadi-2419468|Haidoub FC|Hay Al Wadi|Premier League|Sd1
/en/football/matches/merikh-kosti-rabeta-kosti-2420148|Merikh Kosti|Rabeta Kosti|Premier League|Sd1
/en/football/matches/dubai-city-club-hatta-club-2390349|Dubai City Club|Hatta Club|Division 1|Ae2
/en/football/matches/al-dahra-al-fujairah-club-2390350|Al Dahra|Al Fujairah Club|Division 1|Ae2
/en/football/matches/al-thaid-dubba-al-husun-2390351|Al Thaid|Dubba Al Husun|Division 1|Ae2
/en/football/matches/al-hamriyah-emirates-club-2390352|Al Hamriyah|Emirates Club|Division 1|Ae2
/en/football/matches/al-nahda-(oma)-al-seeb-sc-2416484|Al Nahda (OMA)|Al Seeb SC|Sultan Cup|OmC
/en/football/matches/estoril-u23-vizela-u23-2419523|Estoril U23|Vizela U23|Liga Revelacao U23|PtU
/en/football/matches/umm-salal-sc-arabi-doha-2415638|Umm Salal SC|Arabi Doha|Stars League|Qa1
/en/football/matches/enppi-cairo-semouha-club-2334905|ENPPI Cairo|Semouha Club|Premier League|Eg1
/en/football/matches/al-fateh-(ksa)-ittihad-jeddah-2362120|Al Fateh (KSA)|Ittihad Jeddah|Professional League|Sa1
/en/football/matches/bendel-insurance-barau-2388385|Bendel Insurance|Barau|Professional Football League|Ng1
/en/football/matches/warri-wolves-remo-stars-2388387|Warri Wolves|Remo Stars|Professional Football League|Ng1
/en/football/matches/ikorodu-city-shooting-stars-sc-2388389|Ikorodu City|Shooting Stars SC|Professional Football League|Ng1
/en/football/matches/kun-khalifa-kwara-united-2388393|Kun Khalifa|Kwara United|Professional Football League|Ng1
/en/football/matches/faisaly-amman-ramtha-club-2417065|Faisaly Amman|Ramtha Club|Premier League|JO1
/en/football/matches/al-nasr-dubai-baniyas-2419494|Al Nasr Dubai|Baniyas|Football League|Ae1
/en/football/matches/azam-kitayosce-2420147|Azam|Kitayosce|Ligi Kuu Bara|Tz1
/en/football/matches/al-taqadom-hilal-al-sahel-2420544|Al Taqadom|Hilal Al Sahel|Premier League|Sd1
/en/football/matches/nasr-salalah-oman-club-2416485|Nasr Salalah|Oman Club|Sultan Cup|OmC
/en/football/matches/hapoel-azor-beitar-yavne-2369114|Hapoel Azor|Beitar Yavne|Liga Alef South|Il3
/en/football/matches/al-wakra-shahaniya-sc-2415639|Al Wakra|Shahaniya SC|Stars League|Qa1
/en/football/matches/al-shomooa-ittihad-gharyan-sc-2419180|Al Shomooa|Ittihad Gharyan SC|Premier League|Ly1
/en/football/matches/al-ittihad-fc-tersana-tripoli-2419181|Al ittihad FC|Tersana Tripoli|Premier League|Ly1
/en/football/matches/rionegro-Águilas-deportivo-cali-2415177|Rionegro Águilas|Deportivo Cali|Co1|Primera A|Colombia
/en/football/matches/sportivo-trinidense-club-guaraní-2416841|Sportivo Trinidense|Club Guaraní|Py1|Primera Division|Paraguay
/en/football/matches/sc-capixaba-vilavelhense-es-2414089|SC Capixaba|Vilavelhense ES|BrC|Campeonato Capixaba|Brazil
/en/football/matches/pérez-zeledón-saprissa-2414131|Pérez Zeledón|Saprissa|Cr1|Primera División|Costa Rica
/en/football/matches/quixadá-ce-pague-menos-2419515|Quixadá CE|Pague Menos|BrC|Campeonato Cearense|Brazil
/en/football/matches/lanús-unión-santa-fe-2417145|Lanús|Unión Santa Fe|Ar1|Liga Profesional|Argentina
/en/football/matches/belgrano-córdoba-ca-tigre-2417146|Belgrano Córdoba|CA Tigre|Ar1|Liga Profesional|Argentina
/en/football/matches/bahia-de-feira-ba-jequié-2412896|Bahia de Feira BA|Jequié|BrB|Campeonato Baiano|Brazil
/en/football/matches/serra-branca-atlético-pb-2414641|Serra Branca|Atlético PB|BrP|Campeonato Paraibano|Brazil
/en/football/matches/goiás-abecat-ouvidorense-2413058|Goiás|ABECAT Ouvidorense|BrG|Campeonato Goiano|Brazil
/en/football/matches/goiatuba-ec-anápolis-go-2413062|Goiatuba EC|Anápolis GO|BrG|Campeonato Goiano|Brazil
/en/football/matches/mirassol-sp-vasco-da-gama-2417902|Mirassol SP|Vasco da Gama|Br1|Brasileiro Serie A|Brazil
/en/football/matches/esporte-pb-nacional-pb-2414640|Esporte PB|Nacional PB|BrP|Campeonato Paraibano|Brazil
/en/football/matches/portuguesa-santista-sp-usac-2416716|Portuguesa Santista SP|USAC|BrP|Campeonato Paulista A3|Brazil
/en/football/matches/sao-francisco-rio-branco-ac-2415947|Sao Francisco|Rio Branco AC|BrA|Campeonato Acreano|Brazil
/en/football/matches/jaguares-de-córdoba-la-equidad-2415178|Jaguares de Córdoba|La Equidad|Co1|Primera A|Colombia
/en/football/matches/atlético-choloma-lobos-upnfm-2416829|Atlético Choloma|Lobos UPNFM|Hn1|Liga Nacional|Honduras
/en/football/matches/club-rubio-Ñu-deportivo-recoleta-2416842|Club Rubio Ñu|Deportivo Recoleta|Py1|Primera Division|Paraguay
/en/football/matches/cs-cartaginés-sporting-(crc)-2414133|CS Cartaginés|Sporting (CRC)|Cr1|Primera División|Costa Rica
/en/football/matches/merreikh-al-sudan-ahli-marawi-2420413|Merreikh Al Sudan|Ahli Marawi|Sd1|Premier League|Sudan
/en/football/matches/real-noroeste-es-vitória-es-2414090|Real Noroeste ES|Vitória ES|BrC|Campeonato Capixaba|Brazil
/en/football/matches/estudiantes-río-cuarto-argentinos-juniors-2417147|Estudiantes Río Cuarto|Argentinos Juniors|Ar1|Liga Profesional|Argentina
/en/football/matches/sarmiento-junín-ca-banfield-2417148|Sarmiento Junín|CA Banfield|Ar1|Liga Profesional|Argentina
/en/football/matches/botafogo-cruzeiro-2417903|Botafogo|Cruzeiro|Br1|Brasileiro Serie A|Brazil
/en/football/matches/malacateco-deportivo-mictlán-2416076|Malacateco|Deportivo Mictlán|Gt1|Liga Nacional|Guatemala
/en/football/matches/américa-de-cali-once-caldas-2415179|América de Cali|Once Caldas|Co1|Primera A|Colombia
/en/football/matches/cd-motagua-platense-(hon)-2416830|CD Motagua|Platense (HON)|Hn1|Liga Nacional|Honduras
/en/football/matches/santa-ana-escorpiones-belén-2413579|Santa Ana|Escorpiones Belén|Cr2|Liga de Ascenso|Costa Rica
/en/football/matches/consultants-moravia-cs-uruguay-de-coronado-2413580|Consultants Moravia|CS Uruguay de Coronado|Cr2|Liga de Ascenso|Costa Rica
/en/football/matches/csd-sacachispas-santa-rosa-2419898|CSD Sacachispas|Santa Rosa|Gt2|Primera Division|Guatemala
/en/football/matches/nagaland-rajasthan-united-2416527|Nagaland|Rajasthan United|InT|Santosh Trophy|India
/en/football/matches/wellington-phoenix-melbourne-city-2400509|Wellington Phoenix|Melbourne City|Au1|A-League|Australia
/en/football/matches/persik-kediri-bali-united-pusam-2321673|Persik Kediri|Bali United Pusam|Id1|Liga 1|Indonesia
/en/football/matches/persita-tangerang-persija-jakarta-2321674|Persita Tangerang|Persija Jakarta|Id1|Liga 1|Indonesia
/en/football/matches/psis-semarang-tornado-pekanbaru-2419942|PSIS Semarang|Tornado Pekanbaru|Id2|Liga 2|Indonesia
/en/football/matches/persiku-kudus-persipura-jayapura-2419943|Persiku Kudus|Persipura Jayapura|Id2|Liga 2|Indonesia
/en/football/matches/tamilnadu-uttarakhand-2416528|Tamilnadu|Uttarakhand|InT|Santosh Trophy|India
/en/football/matches/assam-west-bengal-2416529|Assam|West Bengal|InT|Santosh Trophy|India
/en/football/matches/yadanarbon-fc-thitsar-arman-2419507|Yadanarbon FC|Thitsar Arman|MNL|National League|Myanmar
/en/football/matches/dagon-port-hantharwady-united-2419508|Dagon Port|Hantharwady United|MNL|National League|Myanmar
/en/football/matches/bà-ria-vũng-tàu-bac-ninh-2420191|Bà Ria Vũng Tàu|Bac Ninh|Vn2|V-League 2|Vietnam
/en/football/matches/brisbane-roar-w-central-coast-mariners-w-2402869|Brisbane Roar W|Central Coast Mariners W|AuW|A-League Women|Australia
/en/football/matches/adelaide-united-macarthur-fc-2400510|Adelaide United|Macarthur FC|Au1|A-League|Australia
/en/football/matches/ispe-fc-yangon-united-2419506|ISPE FC|Yangon United|MNL|National League|Myanmar
/en/football/matches/stk-samorin-ofk-malženice-2413465|STK Samorin|OFK Malženice|CzT|Tipsport liga|Czech Republic
/en/football/matches/fc-karmiel-safed-hapoel-bnei-musmus-2368874|FC Karmiel Safed|Hapoel Bnei Musmus|Il3|Liga Alef North|Israel
/en/football/matches/karvan-yevlakh-sumqayit-fk-2382995|Karvan Yevlakh|Sumqayit FK|Az1|Premier League|Azerbaijan
/en/football/matches/gicumbi-musanze-2420156|Gicumbi|Musanze|Rw1|Premier League|Rwanda
/en/football/matches/ms-jerusalem-ironi-kiryat-malakhi-2369107|MS Jerusalem|Ironi Kiryat Malakhi|Il3|Liga Alef South|Israel
/en/football/matches/maccabi-yavne-fc-dimona-2369109|Maccabi Yavne|FC Dimona|Il3|Liga Alef South|Israel
/en/football/matches/ahi-nazareth-fc-tira-2368872|Ahi Nazareth|FC Tira|Il3|Liga Alef North|Israel
/en/football/matches/hong-linh-ha-tinh-binh-duong-fc-2420190|Hong Linh Ha Tinh|Binh Duong FC|Vn1|V-League|Vietnam
/en/football/matches/royal-vision-flambeau-du-centre-2420165|Royal Vision|Flambeau du Centre|Bi1|Primus League|Burundi
/en/football/matches/phú-thọ-quảng-ninh-2420192|Phú Thọ|Quảng Ninh|Vn2|V-League 2|Vietnam
/en/football/matches/ramat-hasharon-maccabi-ironi-ashdod-2369111|Ramat HaSharon|Maccabi Ironi Ashdod|Il3|Liga Alef South|Israel
/en/football/matches/maccabi-nujeidat-ahmed-ironi-baka-el-garbiya-2368870|Maccabi Nujeidat Ahmed|Ironi Baka El Garbiya|Il3|Liga Alef North|Israel
/en/football/matches/hapoel-holon-hapoel-marmorek-2369112|Hapoel Holon|Hapoel Marmorek|Il3|Liga Alef South|Israel
/en/football/matches/hougang-united-young-lions-2357792|Hougang United|Young Lions|Sg1|S-League|Singapore
/en/football/matches/ittihad-aleppo-karamah-2420158|Ittihad Aleppo|Karamah|Sy1|Premier League|Syria
/en/football/matches/majd-damascus-taliya-hama-2420159|Majd Damascus|Taliya Hama|Sy1|Premier League|Syria
/en/football/matches/jaish-damascus-omyyah-idlib-2420160|Jaish Damascus|Omyyah Idlib|Sy1|Premier League|Syria
/en/football/matches/foutoua-club-al-shouleh-2420161|Foutoua Club|Al Shouleh|Sy1|Premier League|Syria
/en/football/matches/hutteen-latakia-wahda-damascus-2420162|Hutteen Latakia|Wahda Damascus|Sy1|Premier League|Syria
/en/football/matches/jableh-sc-hurriya-aleppo-2420163|Jableh SC|Hurriya Aleppo|Sy1|Premier League|Syria
/en/football/matches/khan-sheikhoun-shorta-damascus-2420164|Khan Sheikhoun|Shorta Damascus|Sy1|Premier League|Syria
/en/football/matches/ironi-nesher-tzeirei-kafr-kanna-2368868|Ironi Nesher|Tzeirei Kafr Kanna|Il3|Liga Alef North|Israel
/en/football/matches/fc-renaissance-du-congo-anges-verts-2419904|FC Renaissance du Congo|Anges Verts|CD1|Ligue 1|DR Congo
/en/football/matches/psms-medan-psg-pati-2419944|PSMS Medan|PSG Pati|Id2|Liga 2|Indonesia
/en/football/matches/sumsel-united-garudayaksa-fc-2419945|Sumsel United|Garudayaksa FC|Id2|Liga 2|Indonesia
/en/football/matches/shire-endaselassie-ethiopian-medhin-2400948|Shire Endaselassie|Ethiopian Medhin|Et1|Premier League|Ethiopia
/en/football/matches/awassa-kenema-mebrat-hayl-2400949|Awassa Kenema|Mebrat Hayl|Et1|Premier League|Ethiopia
/en/football/matches/chanthaburi-rasi-salai-united-2420317|Chanthaburi|Rasi Salai United|Th2|Thai League 2|Thailand
/en/football/matches/teplice-b-fc-vlasim-2413454|Teplice B|FC Vlasim|CzT|Tipsport liga|Czech Republic
/en/football/matches/tzeirey-tamra-hapoel-umm-al-fahm-2368869|Tzeirey Tamra|Hapoel Umm Al Fahm|Il3|Liga Alef North|Israel
/en/football/matches/al-ansar-club-al-hikma-beirut-2420204|Al Ansar Club|Al Hikma Beirut|Lb|Premier League|Lebanon
/en/football/matches/skenderbeu-kastrioti-2357668|Skenderbeu|Kastrioti|Al2|League 1|Albania
/en/football/matches/sekka-al-hadid-petrol-asyut-2417092|Sekka Al Hadid|Petrol Asyut|Eg2|Second Division A|Egypt
/en/football/matches/masar-mansoura-sc-2417096|Masar|Mansoura SC|Eg2|Second Division A|Egypt
/en/football/matches/abu-qair-lel-asmeda-baladiyyat-al-mahalla-2417098|Abu Qair Lel Asmeda|Baladiyyat Al Mahalla|Eg2|Second Division A|Egypt
/en/football/matches/al-qanah-raya-ghazl-2417099|Al Qanah|Raya Ghazl|Eg2|Second Division A|Egypt
/en/football/matches/aswan-fc-itesalat-2417100|Aswan FC|Itesalat|Eg2|Second Division A|Egypt
/en/football/matches/maccabi-umm-al-fahm-hapoel-ironi-arraba-2368873|Maccabi Umm Al Fahm|Hapoel Ironi Arraba|Il3|Liga Alef North|Israel
/en/football/matches/al-baten-al-jubail-club-2382772|Al Baten|Al Jubail Club|Sa2|1st Division|Saudi Arabia
/en/football/matches/al-faisaly-(ksa)-al-zulfi-2382773|Al Faisaly (KSA)|Al Zulfi|Sa2|1st Division|Saudi Arabia
/en/football/matches/gabala-fc-mil-mugan-2382998|Gabala FC|Mil-Mugan|Az1|Premier League|Azerbaijan
/en/football/matches/pdrm-fa-kuala-lumpur-2335054|PDRM FA|Kuala Lumpur|My1|Super League|Malaysia
/en/football/matches/ahli-amman-sama-al-sarhan-2417064|Ahli Amman|Sama Al Sarhan|JO1|Premier League|Jordan
/en/football/matches/hapoel-acre-maccabi-petah-tikva-2360584|Hapoel Acre|Maccabi Petah Tikva|Il2|Liga Leumit|Israel
/en/football/matches/maccabi-kabilio-jaffa-ironi-modiin-2360585|Maccabi Kabilio Jaffa|Ironi Modi'in|Il2|Liga Leumit|Israel
/en/football/matches/hapoel-hadera-bnei-yehuda-2360586|Hapoel Hadera|Bnei Yehuda|Il2|Liga Leumit|Israel
/en/football/matches/hapoel-kfar-saba-fc-nazareth-ilit-2360588|Hapoel Kfar Saba|FC Nazareth Ilit|Il2|Liga Leumit|Israel
/en/football/matches/kafr-qasim-hapoel-afula-2360589|Kafr Qasim|Hapoel Afula|Il2|Liga Leumit|Israel
/en/football/matches/new-soger-malole-2420442|New Soger|Malole|CD1|Ligue 1|DR Congo
/en/football/matches/mbeya-city-pamba-jiji-2420966|Mbeya City|Pamba Jiji|Tz1|Ligi Kuu Bara|Tanzania
/en/football/matches/updf-fc-bul-fc-2420173|UPDF FC|Bul FC|Ug1|Premier League|Uganda
/en/football/matches/vipers-sc-buhimba-united-saints-2420174|Vipers SC|Buhimba United Saints|Ug1|Premier League|Uganda
/en/football/matches/shao-jiang-hang-sai-sc-2415978|Shao Jiang|Hang Sai SC|Mo1|Elite League|Macau
/en/football/matches/amagaju-marines-fc-2420151|Amagaju|Marines FC|Rw1|Premier League|Rwanda
/en/football/matches/al-hilal-karima-alfalah-atbra-2420406|Al Hilal Karima|Alfalah Atbra|Sd1|Premier League|Sudan
/en/football/matches/al-oruba-(uae)-gulf-united-2390353|Al Oruba (UAE)|Gulf United|Ae2|Division 1|UAE
/en/football/matches/al-arabi-(uae)-masfoot-2390355|Al Arabi (UAE)|Masfoot|Ae2|Division 1|UAE
/en/football/matches/kiyovu-sport-gorilla-2420152|Kiyovu Sport|Gorilla|Rw1|Premier League|Rwanda
/en/football/matches/casric-stars-cape-town-city-2392856|Casric Stars|Cape Town City|Za2|National First Division|South Africa
/en/football/matches/gomora-venda-fa-2392857|Gomora|Venda FA|Za2|National First Division|South Africa
/en/football/matches/rukinzo-fc-kayanza-united-2420166|Rukinzo FC|Kayanza United|Bi1|Primus League|Burundi
/en/football/matches/taawoun-al-akhdood-2362119|Taawoun|Al Akhdood|Sa1|Professional League|Saudi Arabia
/en/football/matches/stoke-city-u23s-man-city-u23s-2348956|Stoke City U23s|Man City U23s|PL2|Premier League 2|England
/en/football/matches/fc-mk-de-kinshasa-dc-motema-pembe-2420443|FC Mk de Kinshasa|DC Motema Pembe|CD1|Ligue 1|DR Congo
/en/football/matches/shamal-sc-sailiya-sc-2415640|Shamal SC|Sailiya SC|Qa1|Stars League|Qatar
/en/football/matches/cluj-cs-metaloglobus-2415754|Cluj|CS Metaloglobus|Ro1|Divizia A|Romania
/en/football/matches/nk-radomlje-nk-aluminij-2310721|NK Radomlje|NK Aluminij|Si1|Prva Liga|Slovenia
/en/football/matches/pharco-fc-masr-2334908|Pharco|FC Masr|Eg1|Premier League|Egypt
/en/football/matches/welayta-dicha-adama-kenema-2400946|Welayta Dicha|Adama Kenema|Et1|Premier League|Ethiopia
/en/football/matches/etoile-filante-espoir-2407149|Etoile Filante|Espoir|Tg1|Championnat National|Togo
/en/football/matches/nations-medeama-sc-2420219|Nations|Medeama SC|Gh1|Premier League|Ghana
/en/football/matches/jazeera-amman-buqaa-amman-2417063|Jazeera Amman|Buqa'a Amman|JO1|Premier League|Jordan
/en/football/matches/olympique-sport-dabobo-mouna-2420446|Olympique Sport d'Abobo|Mouna|CI1|Ligue 1|Ivory Coast
/en/football/matches/salitas-etoile-filante-2390636|Salitas|Etoile Filante|Bf1|Premier League|Burkina Faso
/en/football/matches/rail-club-kadiogo-rc-bobo-dioulasso-2390637|Rail Club Kadiogo|RC Bobo-Dioulasso|Bf1|Premier League|Burkina Faso
/en/football/matches/police-fc-(tt)-caledonia-aia-2419928|Police FC (T&T)|Caledonia AIA|TT1|TT Pro League|Trinidad and Tobago
/en/football/matches/aguacateros-cdu-gorilas-de-juanacatlán-2408722|Aguacateros CDU|Gorilas de Juanacatlán|Mx3|Liga Premier Serie B|Mexico
/en/football/matches/patriotas-boyacá-real-san-andrés-2418916|Patriotas Boyacá|Real San Andrés|Co2|Primera B|Colombia
/en/football/matches/sampaio-corrêa-rj-boavista-rj-2414055|Sampaio Corrêa RJ|Boavista RJ|BrC|Campeonato Carioca|Brazil
/en/football/matches/antofagasta-cobreloa-2419200|Antofagasta|Cobreloa|ClC|Copa Chile|Chile
/en/football/matches/tenerife-iii-cd-marino-2371328|Tenerife III|CD Marino|Es5|Tercera Division Group 12 - Canarias|Spain
/en/football/matches/puerto-cabello-metropolitanos-2420042|Puerto Cabello|Metropolitanos|Ve1|Primera Division|Venezuela
/en/football/matches/univ-de-chile-audax-italiano-2419650|Univ de Chile|Audax Italiano|Cl1|Primera Division|Chile
/en/football/matches/cd-tapatio-leones-negros-2413359|CD Tapatio|Leones Negros|Mx2|Liga de Expansion MX|Mexico
/en/football/matches/vaivase-tai-pago-youth-fc-2419163|Vaivase-Tai|Pago Youth FC|OFC||
/en/football/matches/poza-rica-artesanos-metepec-2408720|Poza Rica|Artesanos Metepec|Mx3|Liga Premier Serie B|Mexico
/en/football/matches/cunupia-fc-central-fc-(tt)-2419929|Cunupia FC|Central FC (T&T)|TT1|TT Pro League|Trinidad and Tobago
/en/football/matches/nova-iguacu-rj-bangu-rj-2414056|Nova Iguacu RJ|Bangu RJ|BrC|Campeonato Carioca|Brazil
/en/football/matches/al-saham-ad-damer-al-amal-atbara-2420409|Al Saham Ad Damer|Al Amal Atbara|Sd1|Premier League|Sudan
/en/football/matches/fc-santiago-real-apodaca-2354305|FC Santiago|Real Apodaca|Mx3|Liga Premier Serie A|Mexico
/en/football/matches/kumba-city-bafmeng-united-2419540|Kumba City|Bafmeng United|Cm2|Elite Two|Cameroon
/en/football/matches/atlantic-eding-sport-2419541|Atlantic|Eding Sport|Cm2|Elite Two|Cameroon
/en/football/matches/union-douala-les-astres-fc-2419542|Union Douala|Les Astres FC|Cm2|Elite Two|Cameroon
/en/football/matches/as-fap-foncha-st-2419544|AS Fap|Foncha ST|Cm2|Elite Two|Cameroon
/en/football/matches/toluca-w-juárez-w-2412334|Toluca W|Juárez W|MxW|Liga MX Women|Mexico
/en/football/matches/real-cartagena-valledupar-fc-2418917|Real Cartagena|Valledupar FC|Co2|Primera B|Colombia
/en/football/matches/puebla-fc-deportivo-toluca-2413212|Puebla FC|Deportivo Toluca|Mx1|Liga MX|Mexico
/en/football/matches/alebrijes-de-oaxaca-zacatecas-2413360|Alebrijes de Oaxaca|Zacatecas|Mx2|Liga de Expansion MX|Mexico
/en/football/matches/north-village-rams-phc-zebras-2399762|North Village Rams|PHC Zebras|Bm1|Premier Division|Bermuda
/en/football/matches/cimarrones-sonora-atlético-cocula-2354308|Cimarrones Sonora|Atlético Cocula|Mx3|Liga Premier Serie A|Mexico
/en/football/matches/atlas-w-atlético-san-luis-w-2412335|Atlas W|Atlético San Luis W|MxW|Liga MX Women|Mexico
/en/football/matches/alianza-fc-(pan)-umecit-2418777|Alianza FC (PAN)|UMECIT|Pa1|Football League|Panama
/en/football/matches/alacranes-durango-tigres-de-Álica-2354309|Alacranes Durango|Tigres de Álica|Mx3|Liga Premier Serie A|Mexico
/en/football/matches/unam-pumas-santos-laguna-2413213|UNAM Pumas|Santos Laguna|Mx1|Liga MX|Mexico
/en/football/matches/dorados-sinaloa-tepatitlán-de-morelos-2413361|Dorados Sinaloa|Tepatitlán de Morelos|Mx2|Liga de Expansion MX|Mexico
/en/football/matches/atletico-la-paz-venados-yucatán-2413362|Atletico La Paz|Venados Yucatán|Mx2|Liga de Expansion MX|Mexico
/en/football/matches/correcaminos-tlaxcala-2413363|Correcaminos|Tlaxcala|Mx2|Liga de Expansion MX|Mexico
/en/football/matches/tupapa-maraerenga-nukuhetulu-2419164|Tupapa Maraerenga|Nukuhetulu|OFC||
/en/football/matches/fc-juárez-cruz-azul-2413214|FC Juárez|Cruz Azul|Mx1|Liga MX|Mexico
/en/football/matches/adelaide-united-w-melbourne-city-w-2402868|Adelaide United W|Melbourne City W|AuW|A-League Women|Australia
/en/football/matches/newcastle-jets-brisbane-roar-2400511|Newcastle Jets|Brisbane Roar|Au1|A-League|Australia
/en/football/matches/sydney-w-ws-wanderers-w-2402870|Sydney W|WS Wanderers W|AuW|A-League Women|Australia
/en/football/matches/malut-united-bhayangkara-utd-2321677|Malut United|Bhayangkara Utd|Id1|Liga 1|Indonesia
/en/football/matches/kitchee-sc-southern-district-2419909|Kitchee SC|Southern District|HK1|Premier League|Hong Kong
/en/football/matches/valkyrie-w-taichung-blue-whale-w-2351957|Valkyrie W|Taichung Blue Whale W|TwW|Mulan Football League Women|Taiwan
/en/football/matches/new-taipei-city-w-sakura-w-2422177|New Taipei City W|Sakura W|TwW|Mulan Football League Women|Taiwan
/en/football/matches/punjab-orissa-2416531|Punjab|Orissa|InT|Santosh Trophy|India
/en/football/matches/persis-solo-fc-persib-bandung-2321675|Persis Solo FC|Persib Bandung|Id1|Liga 1|Indonesia
/en/football/matches/aceh-united-persela-lamongan-2419946|Aceh United|Persela Lamongan|Id2|Liga 2|Indonesia
/en/football/matches/lao-army-viengchanh-2347883|Lao Army|Viengchanh|La1|Lao League|Laos
/en/football/matches/ezra-namtha-united-2347884|Ezra|Namtha United|La1|Lao League|Laos
/en/football/matches/railway-meghalaya-2416530|Railway|Meghalaya|InT|Santosh Trophy|India
/en/football/matches/sydney-fc-ws-wanderers-2400512|Sydney FC|WS Wanderers|Au1|A-League|Australia
/en/football/matches/kirivong-sok-sen-chey-boeung-ket-fc-2336540|Kirivong Sok Sen Chey|Boeung Ket FC|Kh1|Premier League|Cambodia
/en/football/matches/marines-eureka-banbueng-city-2388023|Marines Eureka|Banbueng City|Th3|Thai League 3|Thailand
/en/football/matches/muang-loei-utd-khonkaen-mordindang-fc-2387770|Muang Loei Utd|Khonkaen Mordindang FC|Th3|Thai League 3|Thailand
/en/football/matches/yasothon-united-suranaree-black-cat-2387771|Yasothon United|Suranaree Black Cat|Th3|Thai League 3|Thailand
/en/football/matches/royal-thai-air-force-lopburi-city-2387517|Royal Thai Air Force|Lopburi City|Th3|Thai League 3|Thailand
/en/football/matches/north-bangkok-university-singbury-warriors-2387518|North Bangkok University|Singbury Warriors|Th3|Thai League 3|Thailand
/en/football/matches/pathum-thani-university-saraburi-united-2387519|Pathum Thani University|Saraburi United|Th3|Thai League 3|Thailand
/en/football/matches/samut-songkhram-city-royal-thai-army-2388123|Samut Songkhram City|Royal Thai Army|Th3|Thai League 3|Thailand
/en/football/matches/chumphon-united-satun-2387879|Chumphon United|Satun|Th3|Thai League 3|Thailand
/en/football/matches/dong-thap-fc-binh-dinh-fc-2420194|Dong Thap FC|Binh Dinh FC|Vn2|V-League 2|Vietnam
/en/football/matches/long-an-fc-pvf-cand-ii-2420195|Long An FC|PVF-CAND II|Vn2|V-League 2|Vietnam
/en/football/matches/eastern-district-sa-hk-rangers-2419908|Eastern District SA|HK Rangers|HK1|Premier League|Hong Kong
/en/football/matches/fatsa-belediyespor-karadeniz-ereğli-bsk-2381342|Fatsa Belediyespor|Karadeniz Ereğli BSK|Tr4|TFF 3. Lig|Türkiye
/en/football/matches/pazarspor-sebat-gençlik-2381343|Pazarspor|Sebat Gençlik|Tr4|TFF 3. Lig|Türkiye
/en/football/matches/düzcespor-yeni-amasyaspor-2381344|Düzcespor|Yeni Amasyaspor|Tr4|TFF 3. Lig|Türkiye
/en/football/matches/zonguldak-karabük-İdman-yurdu-2381347|Zonguldak|Karabük İdman Yurdu|Tr4|TFF 3. Lig|Türkiye
/en/football/matches/tokat-belediye-Çayelispor-2381349|Tokat Belediye|Çayelispor|Tr4|TFF 3. Lig|Türkiye
/en/football/matches/12-bingölspor-kapadokya-göremespor-2381102|12 Bingölspor|Kapadokya Göremespor|Tr4|TFF 3. Lig|Türkiye
/en/football/matches/talasgücü-belediyespor-karaköprü-bld-2381103|Talasgücü Belediyespor|Karaköprü Bld.|Tr4|TFF 3. Lig|Türkiye
/en/football/matches/mazıdagı-fosfatspor-agrıspor-2381104|Mazıdagı Fosfatspor|Agrıspor|Tr4|TFF 3. Lig|Türkiye
/en/football/matches/kırıkkale-büyük-kilis-belediyespor-2381106|Kırıkkale Büyük|Kilis Belediyespor|Tr4|TFF 3. Lig|Türkiye
/en/football/matches/kahramanmaras-osmaniyespor-2381107|Kahramanmaras|Osmaniyespor|Tr4|TFF 3. Lig|Türkiye
/en/football/matches/kırsehir-belediyespor-malatya-yeşilyurt-bld-2381108|Kırsehir Belediyespor|Malatya Yeşilyurt Bld.|Tr4|TFF 3. Lig|Türkiye
/en/football/matches/etimesgut-bs-kestel-Çilek-2380863|Etimesgut BS|Kestel Çilek|Tr4|TFF 3. Lig|Türkiye
/en/football/matches/Çankaya-fk-edirnespor-2380868|Çankaya FK|Edirnespor|Tr4|TFF 3. Lig|Türkiye
/en/football/matches/nairobi-city-stars-naivas-2419923|Nairobi City Stars|Naivas|Ke2|Super League|Kenya
/en/football/matches/dire-dawa-kenema-hadiya-hosaena-2400951|Dire Dawa Kenema|Hadiya Hosaena|Et1|Premier League|Ethiopia
/en/football/matches/paet-riew-city-saimit-kabin-united-2388024|Paet Riew City|Saimit Kabin United|Th3|Thai League 3|Thailand
/en/football/matches/ubon-kruanapat-ubon-eastern-2387772|Ubon Kruanapat|Ubon Eastern|Th3|Thai League 3|Thailand
/en/football/matches/nonthaburi-united-stk-muangnont-fc-2388125|Nonthaburi United|STK Muangnont FC|Th3|Thai League 3|Thailand
/en/football/matches/ranong-united-phuket-fc-2420474|Ranong United|Phuket FC|Th3|Thai League 3|Thailand
/en/football/matches/frosinone-u19-parma-u19-2348518|Frosinone U19|Parma U19|ItP|Primavera 1|Italy
/en/football/matches/napoli-u19-cesena-u19-2348521|Napoli U19|Cesena U19|ItP|Primavera 1|Italy
/en/football/matches/salernitana-u19-pisa-u19-2383753|Salernitana U19|Pisa U19|ItP|Primavera 2|Italy
/en/football/matches/spezia-u19-avellino-u19-2383760|Spezia U19|Avellino U19|ItP|Primavera 2|Italy
/en/football/matches/sampdoria-u19-cittadella-u19-2383765|Sampdoria U19|Cittadella U19|ItP|Primavera 2|Italy
/en/football/matches/young-elephant-salavan-united-2347886|Young Elephant|Salavan United|La1|Lao League|Laos
/en/football/matches/taipei-bear-w-kaohsiung-yangxin-w-2351958|Taipei Bear W|Kaohsiung Yangxin W|TwW|Mulan Football League Women|Taiwan
/en/football/matches/hualien-w-ac-taipei-w-2351959|Hualien W|AC Taipei W|TwW|Mulan Football League Women|Taiwan
/en/football/matches/kapaz-pfk-keshla-fk-2382994|Kapaz PFK|Keshla FK|Az1|Premier League|Azerbaijan
/en/football/matches/76-igdır-belediye-spor-manisa-bbsk-2338519|76 Igdır Belediye Spor|Manisa BBSK|Tr2|TFF 1. Lig |Türkiye
/en/football/matches/erzurum-bb-sariyer-sk-2338523|Erzurum BB|Sariyer SK|Tr2|TFF 1. Lig |Türkiye
/en/football/matches/benevento-u19-ascoli-u19-2383752|Benevento U19|Ascoli U19|ItP|Primavera 2|Italy
/en/football/matches/udinese-u19-renate-u19-2383762|Udinese U19|Renate U19|ItP|Primavera 2|Italy
/en/football/matches/sporting-cp-u23-torreense-u23-2419524|Sporting CP U23|Torreense U23|PtU|Liga Revelacao U23|Portugal
/en/football/matches/perth-glory-auckland-2400513|Perth Glory|Auckland|Au1|A-League|Australia
/en/football/matches/fc-felgueiras-gd-chaves-2345195|FC Felgueiras|GD Chaves|Pt2|Liga Portugal 2|Portugal
/en/football/matches/song-lam-nghe-an-ha-noi-fc-2420188|Song Lam Nghe An|Ha Noi FC|Vn1|V-League|Vietnam
/en/football/matches/hai-phong-fc-the-cong-2420189|Hai Phong FC|The Cong|Vn1|V-League|Vietnam
/en/football/matches/bangkok-glass-chiangrai-united-2420309|Bangkok Glass|Chiangrai United|Th1|Premier League|Thailand
/en/football/matches/mathare-united-kcb-nairobi-2420351|Mathare United|KCB Nairobi|Ke1|Premier League|Kenya
/en/football/matches/homeboyz-fc-mara-sugar-2420352|Homeboyz FC|Mara Sugar|Ke1|Premier League|Kenya
/en/football/matches/fethiyespor-hekimoglu-trabzon-2420292|Fethiyespor|Hekimoglu Trabzon|Tr3|TFF 2. Lig|Türkiye
/en/football/matches/angkor-tiger-fc-visakha-fc-2336541|Angkor Tiger FC|Visakha FC|Kh1|Premier League|Cambodia
/en/football/matches/wathba-homs-tishreen-sc-2420157|Wathba Homs|Tishreen SC|Sy1|Premier League|Syria
/en/football/matches/chainat-fc-kasetsart-fc-2420316|Chainat FC|Kasetsart FC|Th2|Thai League 2|Thailand
/en/football/matches/pattaya-city-bankhai-united-2388025|Pattaya City|Bankhai United|Th3|Thai League 3|Thailand
/en/football/matches/thap-luang-united-raj-pracha-2388124|Thap Luang United|Raj Pracha|Th3|Thai League 3|Thailand
/en/football/matches/phichit-united-maejo-united-2387639|Phichit United|Maejo United|Th3|Thai League 3|Thailand
/en/football/matches/chiangmai-fc-nakhon-mae-sot-2387640|Chiangmai FC|Nakhon Mae Sot|Th3|Thai League 3|Thailand
/en/football/matches/khelang-united-see-kwae-city-fc-2387641|Khelang United|See Kwae City FC|Th3|Thai League 3|Thailand
/en/football/matches/bình-phước-sanna-khanh-hoa-2420196|Bình Phước|Sanna Khanh Hoa|Vn2|V-League 2|Vietnam
/en/football/matches/gala-artilheiros-2415979|Gala|Artilheiros|Mo1|Elite League|Macau
/en/football/matches/arucas-cf-ud-las-palmas-c-2371329|Arucas CF|UD Las Palmas C|Es5|Tercera Division Group 12 - Canarias|Spain
/en/football/matches/bayer-leverkusen-w-nürnberg-w-2370236|Bayer Leverkusen W|Nürnberg W|DeW|Bundesliga Women|Germany
/en/football/matches/atletico-madrid-w-granada-w-2365786|Atletico Madrid W|Granada W|EsW|Primera Division Women|Spain
/en/football/matches/levante-w-madrid-cff-w-2365790|Levante W|Madrid CFF W|EsW|Primera Division Women|Spain
/en/football/matches/leixões-u23-benfica-u23-2419525|Leixões U23|Benfica U23|PtU|Liga Revelacao U23|Portugal
/en/football/matches/rionegro-Águilas-deportivo-cali-2415177|Rionegro Águilas|Deportivo Cali|Co1|Primera A|Colombia
/en/football/matches/sportivo-trinidense-club-guaraní-2416841|Sportivo Trinidense|Club Guaraní|Py1|Primera Division|Paraguay
/en/football/matches/sc-capixaba-vilavelhense-es-2414089|SC Capixaba|Vilavelhense ES|BrC|Campeonato Capixaba|Brazil
/en/football/matches/pérez-zeledón-saprissa-2414131|Pérez Zeledón|Saprissa|Cr1|Primera División|Costa Rica
/en/football/matches/quixadá-ce-pague-menos-2419515|Quixadá CE|Pague Menos|BrC|Campeonato Cearense|Brazil
/en/football/matches/lanús-unión-santa-fe-2417145|Lanús|Unión Santa Fe|Ar1|Liga Profesional|Argentina
/en/football/matches/belgrano-córdoba-ca-tigre-2417146|Belgrano Córdoba|CA Tigre|Ar1|Liga Profesional|Argentina
/en/football/matches/bahia-de-feira-ba-jequié-2412896|Bahia de Feira BA|Jequié|BrB|Campeonato Baiano|Brazil
/en/football/matches/serra-branca-atlético-pb-2414641|Serra Branca|Atlético PB|BrP|Campeonato Paraibano|Brazil
/en/football/matches/goiás-abecat-ouvidorense-2413058|Goiás|ABECAT Ouvidorense|BrG|Campeonato Goiano|Brazil
/en/football/matches/goiatuba-ec-anápolis-go-2413062|Goiatuba EC|Anápolis GO|BrG|Campeonato Goiano|Brazil
/en/football/matches/mirassol-sp-vasco-da-gama-2417902|Mirassol SP|Vasco da Gama|Br1|Brasileiro Serie A|Brazil
/en/football/matches/esporte-pb-nacional-pb-2414640|Esporte PB|Nacional PB|BrP|Campeonato Paraibano|Brazil
/en/football/matches/portuguesa-santista-sp-usac-2416716|Portuguesa Santista SP|USAC|BrP|Campeonato Paulista A3|Brazil
/en/football/matches/sao-francisco-rio-branco-ac-2415947|Sao Francisco|Rio Branco AC|BrA|Campeonato Acreano|Brazil
/en/football/matches/jaguares-de-córdoba-la-equidad-2415178|Jaguares de Córdoba|La Equidad|Co1|Primera A|Colombia
/en/football/matches/atlético-choloma-lobos-upnfm-2416829|Atlético Choloma|Lobos UPNFM|Hn1|Liga Nacional|Honduras
/en/football/matches/club-rubio-Ñu-deportivo-recoleta-2416842|Club Rubio Ñu|Deportivo Recoleta|Py1|Primera Division|Paraguay
/en/football/matches/cs-cartaginés-sporting-(crc)-2414133|CS Cartaginés|Sporting (CRC)|Cr1|Primera División|Costa Rica
/en/football/matches/merreikh-al-sudan-ahli-marawi-2420413|Merreikh Al Sudan|Ahli Marawi|Sd1|Premier League|Sudan
/en/football/matches/real-noroeste-es-vitória-es-2414090|Real Noroeste ES|Vitória ES|BrC|Campeonato Capixaba|Brazil
/en/football/matches/estudiantes-río-cuarto-argentinos-juniors-2417147|Estudiantes Río Cuarto|Argentinos Juniors|Ar1|Liga Profesional|Argentina
/en/football/matches/sarmiento-junín-ca-banfield-2417148|Sarmiento Junín|CA Banfield|Ar1|Liga Profesional|Argentina
/en/football/matches/botafogo-cruzeiro-2417903|Botafogo|Cruzeiro|Br1|Brasileiro Serie A|Brazil
/en/football/matches/malacateco-deportivo-mictlán-2416076|Malacateco|Deportivo Mictlán|Gt1|Liga Nacional|Guatemala
/en/football/matches/américa-de-cali-once-caldas-2415179|América de Cali|Once Caldas|Co1|Primera A|Colombia
/en/football/matches/cd-motagua-platense-(hon)-2416830|CD Motagua|Platense (HON)|Hn1|Liga Nacional|Honduras
/en/football/matches/santa-ana-escorpiones-belén-2413579|Santa Ana|Escorpiones Belén|Cr2|Liga de Ascenso|Costa Rica
/en/football/matches/consultants-moravia-cs-uruguay-de-coronado-2413580|Consultants Moravia|CS Uruguay de Coronado|Cr2|Liga de Ascenso|Costa Rica
/en/football/matches/csd-sacachispas-santa-rosa-2419898|CSD Sacachispas|Santa Rosa|Gt2|Primera Division|Guatemala
/en/football/matches/nagaland-rajasthan-united-2416527|Nagaland|Rajasthan United|InT|Santosh Trophy|India
/en/football/matches/wellington-phoenix-melbourne-city-2400509|Wellington Phoenix|Melbourne City|Au1|A-League|Australia
/en/football/matches/persik-kediri-bali-united-pusam-2321673|Persik Kediri|Bali United Pusam|Id1|Liga 1|Indonesia
/en/football/matches/persita-tangerang-persija-jakarta-2321674|Persita Tangerang|Persija Jakarta|Id1|Liga 1|Indonesia
/en/football/matches/psis-semarang-tornado-pekanbaru-2419942|PSIS Semarang|Tornado Pekanbaru|Id2|Liga 2|Indonesia
/en/football/matches/persiku-kudus-persipura-jayapura-2419943|Persiku Kudus|Persipura Jayapura|Id2|Liga 2|Indonesia
/en/football/matches/tamilnadu-uttarakhand-2416528|Tamilnadu|Uttarakhand|InT|Santosh Trophy|India
/en/football/matches/assam-west-bengal-2416529|Assam|West Bengal|InT|Santosh Trophy|India
/en/football/matches/yadanarbon-fc-thitsar-arman-2419507|Yadanarbon FC|Thitsar Arman|MNL|National League|Myanmar
/en/football/matches/dagon-port-hantharwady-united-2419508|Dagon Port|Hantharwady United|MNL|National League|Myanmar
/en/football/matches/bà-ria-vũng-tàu-bac-ninh-2420191|Bà Ria Vũng Tàu|Bac Ninh|Vn2|V-League 2|Vietnam
/en/football/matches/brisbane-roar-w-central-coast-mariners-w-2402869|Brisbane Roar W|Central Coast Mariners W|AuW|A-League Women|Australia
/en/football/matches/adelaide-united-macarthur-fc-2400510|Adelaide United|Macarthur FC|Au1|A-League|Australia
/en/football/matches/ispe-fc-yangon-united-2419506|ISPE FC|Yangon United|MNL|National League|Myanmar
/en/football/matches/stk-samorin-ofk-malženice-2413465|STK Samorin|OFK Malženice|CzT|Tipsport liga|Czech Republic
/en/football/matches/fc-karmiel-safed-hapoel-bnei-musmus-2368874|FC Karmiel Safed|Hapoel Bnei Musmus|Il3|Liga Alef North|Israel
/en/football/matches/karvan-yevlakh-sumqayit-fk-2382995|Karvan Yevlakh|Sumqayit FK|Az1|Premier League|Azerbaijan
/en/football/matches/gicumbi-musanze-2420156|Gicumbi|Musanze|Rw1|Premier League|Rwanda
/en/football/matches/ms-jerusalem-ironi-kiryat-malakhi-2369107|MS Jerusalem|Ironi Kiryat Malakhi|Il3|Liga Alef South|Israel
/en/football/matches/maccabi-yavne-fc-dimona-2369109|Maccabi Yavne|FC Dimona|Il3|Liga Alef South|Israel
/en/football/matches/ahi-nazareth-fc-tira-2368872|Ahi Nazareth|FC Tira|Il3|Liga Alef North|Israel
/en/football/matches/hong-linh-ha-tinh-binh-duong-fc-2420190|Hong Linh Ha Tinh|Binh Duong FC|Vn1|V-League|Vietnam
/en/football/matches/royal-vision-flambeau-du-centre-2420165|Royal Vision|Flambeau du Centre|Bi1|Primus League|Burundi
/en/football/matches/phú-thọ-quảng-ninh-2420192|Phú Thọ|Quảng Ninh|Vn2|V-League 2|Vietnam
/en/football/matches/ramat-hasharon-maccabi-ironi-ashdod-2369111|Ramat HaSharon|Maccabi Ironi Ashdod|Il3|Liga Alef South|Israel
/en/football/matches/maccabi-nujeidat-ahmed-ironi-baka-el-garbiya-2368870|Maccabi Nujeidat Ahmed|Ironi Baka El Garbiya|Il3|Liga Alef North|Israel
/en/football/matches/hapoel-holon-hapoel-marmorek-2369112|Hapoel Holon|Hapoel Marmorek|Il3|Liga Alef South|Israel
/en/football/matches/hougang-united-young-lions-2357792|Hougang United|Young Lions|Sg1|S-League|Singapore
/en/football/matches/ittihad-aleppo-karamah-2420158|Ittihad Aleppo|Karamah|Sy1|Premier League|Syria
/en/football/matches/majd-damascus-taliya-hama-2420159|Majd Damascus|Taliya Hama|Sy1|Premier League|Syria
/en/football/matches/jaish-damascus-omyyah-idlib-2420160|Jaish Damascus|Omyyah Idlib|Sy1|Premier League|Syria
/en/football/matches/foutoua-club-al-shouleh-2420161|Foutoua Club|Al Shouleh|Sy1|Premier League|Syria
/en/football/matches/hutteen-latakia-wahda-damascus-2420162|Hutteen Latakia|Wahda Damascus|Sy1|Premier League|Syria
/en/football/matches/jableh-sc-hurriya-aleppo-2420163|Jableh SC|Hurriya Aleppo|Sy1|Premier League|Syria
/en/football/matches/khan-sheikhoun-shorta-damascus-2420164|Khan Sheikhoun|Shorta Damascus|Sy1|Premier League|Syria
/en/football/matches/ironi-nesher-tzeirei-kafr-kanna-2368868|Ironi Nesher|Tzeirei Kafr Kanna|Il3|Liga Alef North|Israel
/en/football/matches/fc-renaissance-du-congo-anges-verts-2419904|FC Renaissance du Congo|Anges Verts|CD1|Ligue 1|DR Congo
/en/football/matches/psms-medan-psg-pati-2419944|PSMS Medan|PSG Pati|Id2|Liga 2|Indonesia
/en/football/matches/sumsel-united-garudayaksa-fc-2419945|Sumsel United|Garudayaksa FC|Id2|Liga 2|Indonesia
/en/football/matches/shire-endaselassie-ethiopian-medhin-2400948|Shire Endaselassie|Ethiopian Medhin|Et1|Premier League|Ethiopia
/en/football/matches/awassa-kenema-mebrat-hayl-2400949|Awassa Kenema|Mebrat Hayl|Et1|Premier League|Ethiopia
/en/football/matches/chanthaburi-rasi-salai-united-2420317|Chanthaburi|Rasi Salai United|Th2|Thai League 2|Thailand
/en/football/matches/teplice-b-fc-vlasim-2413454|Teplice B|FC Vlasim|CzT|Tipsport liga|Czech Republic
/en/football/matches/tzeirey-tamra-hapoel-umm-al-fahm-2368869|Tzeirey Tamra|Hapoel Umm Al Fahm|Il3|Liga Alef North|Israel
/en/football/matches/al-ansar-club-al-hikma-beirut-2420204|Al Ansar Club|Al Hikma Beirut|Lb|Premier League|Lebanon
/en/football/matches/skenderbeu-kastrioti-2357668|Skenderbeu|Kastrioti|Al2|League 1|Albania
/en/football/matches/sekka-al-hadid-petrol-asyut-2417092|Sekka Al Hadid|Petrol Asyut|Eg2|Second Division A|Egypt
/en/football/matches/masar-mansoura-sc-2417096|Masar|Mansoura SC|Eg2|Second Division A|Egypt
/en/football/matches/abu-qair-lel-asmeda-baladiyyat-al-mahalla-2417098|Abu Qair Lel Asmeda|Baladiyyat Al Mahalla|Eg2|Second Division A|Egypt
/en/football/matches/al-qanah-raya-ghazl-2417099|Al Qanah|Raya Ghazl|Eg2|Second Division A|Egypt
/en/football/matches/aswan-fc-itesalat-2417100|Aswan FC|Itesalat|Eg2|Second Division A|Egypt
/en/football/matches/maccabi-umm-al-fahm-hapoel-ironi-arraba-2368873|Maccabi Umm Al Fahm|Hapoel Ironi Arraba|Il3|Liga Alef North|Israel
/en/football/matches/al-baten-al-jubail-club-2382772|Al Baten|Al Jubail Club|Sa2|1st Division|Saudi Arabia
/en/football/matches/al-faisaly-(ksa)-al-zulfi-2382773|Al Faisaly (KSA)|Al Zulfi|Sa2|1st Division|Saudi Arabia
/en/football/matches/gabala-fc-mil-mugan-2382998|Gabala FC|Mil-Mugan|Az1|Premier League|Azerbaijan
/en/football/matches/pdrm-fa-kuala-lumpur-2335054|PDRM FA|Kuala Lumpur|My1|Super League|Malaysia
/en/football/matches/ahli-amman-sama-al-sarhan-2417064|Ahli Amman|Sama Al Sarhan|JO1|Premier League|Jordan
/en/football/matches/hapoel-acre-maccabi-petah-tikva-2360584|Hapoel Acre|Maccabi Petah Tikva|Il2|Liga Leumit|Israel
/en/football/matches/maccabi-kabilio-jaffa-ironi-modiin-2360585|Maccabi Kabilio Jaffa|Ironi Modi'in|Il2|Liga Leumit|Israel
/en/football/matches/hapoel-hadera-bnei-yehuda-2360586|Hapoel Hadera|Bnei Yehuda|Il2|Liga Leumit|Israel
/en/football/matches/hapoel-kfar-saba-fc-nazareth-ilit-2360588|Hapoel Kfar Saba|FC Nazareth Ilit|Il2|Liga Leumit|Israel
/en/football/matches/kafr-qasim-hapoel-afula-2360589|Kafr Qasim|Hapoel Afula|Il2|Liga Leumit|Israel
/en/football/matches/new-soger-malole-2420442|New Soger|Malole|CD1|Ligue 1|DR Congo
/en/football/matches/mbeya-city-pamba-jiji-2420966|Mbeya City|Pamba Jiji|Tz1|Ligi Kuu Bara|Tanzania
/en/football/matches/updf-fc-bul-fc-2420173|UPDF FC|Bul FC|Ug1|Premier League|Uganda
/en/football/matches/vipers-sc-buhimba-united-saints-2420174|Vipers SC|Buhimba United Saints|Ug1|Premier League|Uganda
/en/football/matches/shao-jiang-hang-sai-sc-2415978|Shao Jiang|Hang Sai SC|Mo1|Elite League|Macau
/en/football/matches/amagaju-marines-fc-2420151|Amagaju|Marines FC|Rw1|Premier League|Rwanda
/en/football/matches/al-hilal-karima-alfalah-atbra-2420406|Al Hilal Karima|Alfalah Atbra|Sd1|Premier League|Sudan
/en/football/matches/al-oruba-(uae)-gulf-united-2390353|Al Oruba (UAE)|Gulf United|Ae2|Division 1|UAE
/en/football/matches/al-arabi-(uae)-masfoot-2390355|Al Arabi (UAE)|Masfoot|Ae2|Division 1|UAE
/en/football/matches/kiyovu-sport-gorilla-2420152|Kiyovu Sport|Gorilla|Rw1|Premier League|Rwanda
/en/football/matches/casric-stars-cape-town-city-2392856|Casric Stars|Cape Town City|Za2|National First Division|South Africa
/en/football/matches/gomora-venda-fa-2392857|Gomora|Venda FA|Za2|National First Division|South Africa
/en/football/matches/rukinzo-fc-kayanza-united-2420166|Rukinzo FC|Kayanza United|Bi1|Primus League|Burundi
/en/football/matches/taawoun-al-akhdood-2362119|Taawoun|Al Akhdood|Sa1|Professional League|Saudi Arabia
/en/football/matches/stoke-city-u23s-man-city-u23s-2348956|Stoke City U23s|Man City U23s|PL2|Premier League 2|England
/en/football/matches/fc-mk-de-kinshasa-dc-motema-pembe-2420443|FC Mk de Kinshasa|DC Motema Pembe|CD1|Ligue 1|DR Congo
/en/football/matches/shamal-sc-sailiya-sc-2415640|Shamal SC|Sailiya SC|Qa1|Stars League|Qatar
/en/football/matches/cluj-cs-metaloglobus-2415754|Cluj|CS Metaloglobus|Ro1|Divizia A|Romania
/en/football/matches/nk-radomlje-nk-aluminij-2310721|NK Radomlje|NK Aluminij|Si1|Prva Liga|Slovenia
/en/football/matches/pharco-fc-masr-2334908|Pharco|FC Masr|Eg1|Premier League|Egypt
/en/football/matches/welayta-dicha-adama-kenema-2400946|Welayta Dicha|Adama Kenema|Et1|Premier League|Ethiopia
/en/football/matches/etoile-filante-espoir-2407149|Etoile Filante|Espoir|Tg1|Championnat National|Togo
/en/football/matches/nations-medeama-sc-2420219|Nations|Medeama SC|Gh1|Premier League|Ghana
/en/football/matches/jazeera-amman-buqaa-amman-2417063|Jazeera Amman|Buqa'a Amman|JO1|Premier League|Jordan
/en/football/matches/olympique-sport-dabobo-mouna-2420446|Olympique Sport d'Abobo|Mouna|CI1|Ligue 1|Ivory Coast
/en/football/matches/salitas-etoile-filante-2390636|Salitas|Etoile Filante|Bf1|Premier League|Burkina Faso
/en/football/matches/rail-club-kadiogo-rc-bobo-dioulasso-2390637|Rail Club Kadiogo|RC Bobo-Dioulasso|Bf1|Premier League|Burkina Faso
/en/football/matches/police-fc-(tt)-caledonia-aia-2419928|Police FC (T&T)|Caledonia AIA|TT1|TT Pro League|Trinidad and Tobago
/en/football/matches/aguacateros-cdu-gorilas-de-juanacatlán-2408722|Aguacateros CDU|Gorilas de Juanacatlán|Mx3|Liga Premier Serie B|Mexico
/en/football/matches/patriotas-boyacá-real-san-andrés-2418916|Patriotas Boyacá|Real San Andrés|Co2|Primera B|Colombia
/en/football/matches/sampaio-corrêa-rj-boavista-rj-2414055|Sampaio Corrêa RJ|Boavista RJ|BrC|Campeonato Carioca|Brazil
/en/football/matches/antofagasta-cobreloa-2419200|Antofagasta|Cobreloa|ClC|Copa Chile|Chile
/en/football/matches/tenerife-iii-cd-marino-2371328|Tenerife III|CD Marino|Es5|Tercera Division Group 12 - Canarias|Spain
/en/football/matches/puerto-cabello-metropolitanos-2420042|Puerto Cabello|Metropolitanos|Ve1|Primera Division|Venezuela
/en/football/matches/univ-de-chile-audax-italiano-2419650|Univ de Chile|Audax Italiano|Cl1|Primera Division|Chile
/en/football/matches/cd-tapatio-leones-negros-2413359|CD Tapatio|Leones Negros|Mx2|Liga de Expansion MX|Mexico
/en/football/matches/vaivase-tai-pago-youth-fc-2419163|Vaivase-Tai|Pago Youth FC|OFC||
/en/football/matches/poza-rica-artesanos-metepec-2408720|Poza Rica|Artesanos Metepec|Mx3|Liga Premier Serie B|Mexico
/en/football/matches/cunupia-fc-central-fc-(tt)-2419929|Cunupia FC|Central FC (T&T)|TT1|TT Pro League|Trinidad and Tobago
/en/football/matches/nova-iguacu-rj-bangu-rj-2414056|Nova Iguacu RJ|Bangu RJ|BrC|Campeonato Carioca|Brazil
/en/football/matches/al-saham-ad-damer-al-amal-atbara-2420409|Al Saham Ad Damer|Al Amal Atbara|Sd1|Premier League|Sudan
/en/football/matches/fc-santiago-real-apodaca-2354305|FC Santiago|Real Apodaca|Mx3|Liga Premier Serie A|Mexico
/en/football/matches/kumba-city-bafmeng-united-2419540|Kumba City|Bafmeng United|Cm2|Elite Two|Cameroon
/en/football/matches/atlantic-eding-sport-2419541|Atlantic|Eding Sport|Cm2|Elite Two|Cameroon
/en/football/matches/union-douala-les-astres-fc-2419542|Union Douala|Les Astres FC|Cm2|Elite Two|Cameroon
/en/football/matches/as-fap-foncha-st-2419544|AS Fap|Foncha ST|Cm2|Elite Two|Cameroon
/en/football/matches/toluca-w-juárez-w-2412334|Toluca W|Juárez W|MxW|Liga MX Women|Mexico
/en/football/matches/real-cartagena-valledupar-fc-2418917|Real Cartagena|Valledupar FC|Co2|Primera B|Colombia
/en/football/matches/puebla-fc-deportivo-toluca-2413212|Puebla FC|Deportivo Toluca|Mx1|Liga MX|Mexico
/en/football/matches/alebrijes-de-oaxaca-zacatecas-2413360|Alebrijes de Oaxaca|Zacatecas|Mx2|Liga de Expansion MX|Mexico
/en/football/matches/north-village-rams-phc-zebras-2399762|North Village Rams|PHC Zebras|Bm1|Premier Division|Bermuda
/en/football/matches/cimarrones-sonora-atlético-cocula-2354308|Cimarrones Sonora|Atlético Cocula|Mx3|Liga Premier Serie A|Mexico
/en/football/matches/atlas-w-atlético-san-luis-w-2412335|Atlas W|Atlético San Luis W|MxW|Liga MX Women|Mexico
/en/football/matches/alianza-fc-(pan)-umecit-2418777|Alianza FC (PAN)|UMECIT|Pa1|Football League|Panama
/en/football/matches/alacranes-durango-tigres-de-Álica-2354309|Alacranes Durango|Tigres de Álica|Mx3|Liga Premier Serie A|Mexico
/en/football/matches/unam-pumas-santos-laguna-2413213|UNAM Pumas|Santos Laguna|Mx1|Liga MX|Mexico
/en/football/matches/dorados-sinaloa-tepatitlán-de-morelos-2413361|Dorados Sinaloa|Tepatitlán de Morelos|Mx2|Liga de Expansion MX|Mexico
/en/football/matches/atletico-la-paz-venados-yucatán-2413362|Atletico La Paz|Venados Yucatán|Mx2|Liga de Expansion MX|Mexico
/en/football/matches/correcaminos-tlaxcala-2413363|Correcaminos|Tlaxcala|Mx2|Liga de Expansion MX|Mexico
/en/football/matches/tupapa-maraerenga-nukuhetulu-2419164|Tupapa Maraerenga|Nukuhetulu|OFC||
/en/football/matches/fc-juárez-cruz-azul-2413214|FC Juárez|Cruz Azul|Mx1|Liga MX|Mexico
/en/football/matches/adelaide-united-w-melbourne-city-w-2402868|Adelaide United W|Melbourne City W|AuW|A-League Women|Australia
/en/football/matches/newcastle-jets-brisbane-roar-2400511|Newcastle Jets|Brisbane Roar|Au1|A-League|Australia
/en/football/matches/sydney-w-ws-wanderers-w-2402870|Sydney W|WS Wanderers W|AuW|A-League Women|Australia
/en/football/matches/malut-united-bhayangkara-utd-2321677|Malut United|Bhayangkara Utd|Id1|Liga 1|Indonesia
/en/football/matches/kitchee-sc-southern-district-2419909|Kitchee SC|Southern District|HK1|Premier League|Hong Kong
/en/football/matches/valkyrie-w-taichung-blue-whale-w-2351957|Valkyrie W|Taichung Blue Whale W|TwW|Mulan Football League Women|Taiwan
/en/football/matches/new-taipei-city-w-sakura-w-2422177|New Taipei City W|Sakura W|TwW|Mulan Football League Women|Taiwan
/en/football/matches/punjab-orissa-2416531|Punjab|Orissa|InT|Santosh Trophy|India
/en/football/matches/persis-solo-fc-persib-bandung-2321675|Persis Solo FC|Persib Bandung|Id1|Liga 1|Indonesia
/en/football/matches/aceh-united-persela-lamongan-2419946|Aceh United|Persela Lamongan|Id2|Liga 2|Indonesia
/en/football/matches/lao-army-viengchanh-2347883|Lao Army|Viengchanh|La1|Lao League|Laos
/en/football/matches/ezra-namtha-united-2347884|Ezra|Namtha United|La1|Lao League|Laos
/en/football/matches/railway-meghalaya-2416530|Railway|Meghalaya|InT|Santosh Trophy|India
/en/football/matches/sydney-fc-ws-wanderers-2400512|Sydney FC|WS Wanderers|Au1|A-League|Australia
/en/football/matches/kirivong-sok-sen-chey-boeung-ket-fc-2336540|Kirivong Sok Sen Chey|Boeung Ket FC|Kh1|Premier League|Cambodia
/en/football/matches/marines-eureka-banbueng-city-2388023|Marines Eureka|Banbueng City|Th3|Thai League 3|Thailand
/en/football/matches/muang-loei-utd-khonkaen-mordindang-fc-2387770|Muang Loei Utd|Khonkaen Mordindang FC|Th3|Thai League 3|Thailand
/en/football/matches/yasothon-united-suranaree-black-cat-2387771|Yasothon United|Suranaree Black Cat|Th3|Thai League 3|Thailand
/en/football/matches/royal-thai-air-force-lopburi-city-2387517|Royal Thai Air Force|Lopburi City|Th3|Thai League 3|Thailand
/en/football/matches/north-bangkok-university-singbury-warriors-2387518|North Bangkok University|Singbury Warriors|Th3|Thai League 3|Thailand
/en/football/matches/pathum-thani-university-saraburi-united-2387519|Pathum Thani University|Saraburi United|Th3|Thai League 3|Thailand
/en/football/matches/samut-songkhram-city-royal-thai-army-2388123|Samut Songkhram City|Royal Thai Army|Th3|Thai League 3|Thailand
/en/football/matches/chumphon-united-satun-2387879|Chumphon United|Satun|Th3|Thai League 3|Thailand
/en/football/matches/dong-thap-fc-binh-dinh-fc-2420194|Dong Thap FC|Binh Dinh FC|Vn2|V-League 2|Vietnam
/en/football/matches/long-an-fc-pvf-cand-ii-2420195|Long An FC|PVF-CAND II|Vn2|V-League 2|Vietnam
/en/football/matches/eastern-district-sa-hk-rangers-2419908|Eastern District SA|HK Rangers|HK1|Premier League|Hong Kong
/en/football/matches/fatsa-belediyespor-karadeniz-ereğli-bsk-2381342|Fatsa Belediyespor|Karadeniz Ereğli BSK|Tr4|TFF 3. Lig|Türkiye
/en/football/matches/pazarspor-sebat-gençlik-2381343|Pazarspor|Sebat Gençlik|Tr4|TFF 3. Lig|Türkiye
/en/football/matches/düzcespor-yeni-amasyaspor-2381344|Düzcespor|Yeni Amasyaspor|Tr4|TFF 3. Lig|Türkiye
/en/football/matches/zonguldak-karabük-İdman-yurdu-2381347|Zonguldak|Karabük İdman Yurdu|Tr4|TFF 3. Lig|Türkiye
/en/football/matches/tokat-belediye-Çayelispor-2381349|Tokat Belediye|Çayelispor|Tr4|TFF 3. Lig|Türkiye
/en/football/matches/12-bingölspor-kapadokya-göremespor-2381102|12 Bingölspor|Kapadokya Göremespor|Tr4|TFF 3. Lig|Türkiye
/en/football/matches/talasgücü-belediyespor-karaköprü-bld-2381103|Talasgücü Belediyespor|Karaköprü Bld.|Tr4|TFF 3. Lig|Türkiye
/en/football/matches/mazıdagı-fosfatspor-agrıspor-2381104|Mazıdagı Fosfatspor|Agrıspor|Tr4|TFF 3. Lig|Türkiye
/en/football/matches/kırıkkale-büyük-kilis-belediyespor-2381106|Kırıkkale Büyük|Kilis Belediyespor|Tr4|TFF 3. Lig|Türkiye
/en/football/matches/kahramanmaras-osmaniyespor-2381107|Kahramanmaras|Osmaniyespor|Tr4|TFF 3. Lig|Türkiye
/en/football/matches/kırsehir-belediyespor-malatya-yeşilyurt-bld-2381108|Kırsehir Belediyespor|Malatya Yeşilyurt Bld.|Tr4|TFF 3. Lig|Türkiye
/en/football/matches/etimesgut-bs-kestel-Çilek-2380863|Etimesgut BS|Kestel Çilek|Tr4|TFF 3. Lig|Türkiye
/en/football/matches/Çankaya-fk-edirnespor-2380868|Çankaya FK|Edirnespor|Tr4|TFF 3. Lig|Türkiye
/en/football/matches/nairobi-city-stars-naivas-2419923|Nairobi City Stars|Naivas|Ke2|Super League|Kenya
/en/football/matches/dire-dawa-kenema-hadiya-hosaena-2400951|Dire Dawa Kenema|Hadiya Hosaena|Et1|Premier League|Ethiopia
/en/football/matches/paet-riew-city-saimit-kabin-united-2388024|Paet Riew City|Saimit Kabin United|Th3|Thai League 3|Thailand
/en/football/matches/ubon-kruanapat-ubon-eastern-2387772|Ubon Kruanapat|Ubon Eastern|Th3|Thai League 3|Thailand
/en/football/matches/nonthaburi-united-stk-muangnont-fc-2388125|Nonthaburi United|STK Muangnont FC|Th3|Thai League 3|Thailand
/en/football/matches/ranong-united-phuket-fc-2420474|Ranong United|Phuket FC|Th3|Thai League 3|Thailand
/en/football/matches/frosinone-u19-parma-u19-2348518|Frosinone U19|Parma U19|ItP|Primavera 1|Italy
/en/football/matches/napoli-u19-cesena-u19-2348521|Napoli U19|Cesena U19|ItP|Primavera 1|Italy
/en/football/matches/salernitana-u19-pisa-u19-2383753|Salernitana U19|Pisa U19|ItP|Primavera 2|Italy
/en/football/matches/spezia-u19-avellino-u19-2383760|Spezia U19|Avellino U19|ItP|Primavera 2|Italy
/en/football/matches/sampdoria-u19-cittadella-u19-2383765|Sampdoria U19|Cittadella U19|ItP|Primavera 2|Italy
/en/football/matches/young-elephant-salavan-united-2347886|Young Elephant|Salavan United|La1|Lao League|Laos
/en/football/matches/taipei-bear-w-kaohsiung-yangxin-w-2351958|Taipei Bear W|Kaohsiung Yangxin W|TwW|Mulan Football League Women|Taiwan
/en/football/matches/hualien-w-ac-taipei-w-2351959|Hualien W|AC Taipei W|TwW|Mulan Football League Women|Taiwan
/en/football/matches/kapaz-pfk-keshla-fk-2382994|Kapaz PFK|Keshla FK|Az1|Premier League|Azerbaijan
/en/football/matches/76-igdır-belediye-spor-manisa-bbsk-2338519|76 Igdır Belediye Spor|Manisa BBSK|Tr2|TFF 1. Lig |Türkiye
/en/football/matches/erzurum-bb-sariyer-sk-2338523|Erzurum BB|Sariyer SK|Tr2|TFF 1. Lig |Türkiye
/en/football/matches/benevento-u19-ascoli-u19-2383752|Benevento U19|Ascoli U19|ItP|Primavera 2|Italy
/en/football/matches/udinese-u19-renate-u19-2383762|Udinese U19|Renate U19|ItP|Primavera 2|Italy
/en/football/matches/sporting-cp-u23-torreense-u23-2419524|Sporting CP U23|Torreense U23|PtU|Liga Revelacao U23|Portugal
/en/football/matches/perth-glory-auckland-2400513|Perth Glory|Auckland|Au1|A-League|Australia
/en/football/matches/fc-felgueiras-gd-chaves-2345195|FC Felgueiras|GD Chaves|Pt2|Liga Portugal 2|Portugal
/en/football/matches/song-lam-nghe-an-ha-noi-fc-2420188|Song Lam Nghe An|Ha Noi FC|Vn1|V-League|Vietnam
/en/football/matches/hai-phong-fc-the-cong-2420189|Hai Phong FC|The Cong|Vn1|V-League|Vietnam
/en/football/matches/bangkok-glass-chiangrai-united-2420309|Bangkok Glass|Chiangrai United|Th1|Premier League|Thailand
/en/football/matches/mathare-united-kcb-nairobi-2420351|Mathare United|KCB Nairobi|Ke1|Premier League|Kenya
/en/football/matches/homeboyz-fc-mara-sugar-2420352|Homeboyz FC|Mara Sugar|Ke1|Premier League|Kenya
/en/football/matches/fethiyespor-hekimoglu-trabzon-2420292|Fethiyespor|Hekimoglu Trabzon|Tr3|TFF 2. Lig|Türkiye
/en/football/matches/angkor-tiger-fc-visakha-fc-2336541|Angkor Tiger FC|Visakha FC|Kh1|Premier League|Cambodia
/en/football/matches/wathba-homs-tishreen-sc-2420157|Wathba Homs|Tishreen SC|Sy1|Premier League|Syria
/en/football/matches/chainat-fc-kasetsart-fc-2420316|Chainat FC|Kasetsart FC|Th2|Thai League 2|Thailand
/en/football/matches/pattaya-city-bankhai-united-2388025|Pattaya City|Bankhai United|Th3|Thai League 3|Thailand
/en/football/matches/thap-luang-united-raj-pracha-2388124|Thap Luang United|Raj Pracha|Th3|Thai League 3|Thailand
/en/football/matches/phichit-united-maejo-united-2387639|Phichit United|Maejo United|Th3|Thai League 3|Thailand
/en/football/matches/chiangmai-fc-nakhon-mae-sot-2387640|Chiangmai FC|Nakhon Mae Sot|Th3|Thai League 3|Thailand
/en/football/matches/khelang-united-see-kwae-city-fc-2387641|Khelang United|See Kwae City FC|Th3|Thai League 3|Thailand
/en/football/matches/bình-phước-sanna-khanh-hoa-2420196|Bình Phước|Sanna Khanh Hoa|Vn2|V-League 2|Vietnam
/en/football/matches/gala-artilheiros-2415979|Gala|Artilheiros|Mo1|Elite League|Macau
/en/football/matches/arucas-cf-ud-las-palmas-c-2371329|Arucas CF|UD Las Palmas C|Es5|Tercera Division Group 12 - Canarias|Spain
/en/football/matches/bayer-leverkusen-w-nürnberg-w-2370236|Bayer Leverkusen W|Nürnberg W|DeW|Bundesliga Women|Germany
/en/football/matches/atletico-madrid-w-granada-w-2365786|Atletico Madrid W|Granada W|EsW|Primera Division Women|Spain
/en/football/matches/levante-w-madrid-cff-w-2365790|Levante W|Madrid CFF W|EsW|Primera Division Women|Spain
/en/football/matches/leixões-u23-benfica-u23-2419525|Leixões U23|Benfica U23|PtU|Liga Revelacao U23|Portugal
https://www.forebet.com/en/football/matches/arkadag-al-nassr-2423633
https://www.forebet.com/en/football/matches/zalaegerszegi-te-vasas-sc-2423709
