{
  "league_key": "BrP",
  "league_info": {
    "league_code": "BrP",
    "country": "Brazil",
    "league": "Campeonato Piauiense",
    "league_url_path": "",
    "country_code": "br",
    "match_count": 198,
    "teams": {
      "Altos PI": {
        "home_matches": 1,
        "away_matches": 0
      },
      "Cori-Sabba": {
        "home_matches": 1,
        "away_matches": 1
      },
      "Castanhal PA": {
        "home_matches": 2,
        "away_matches": 0
      },
      "Remo PA": {
        "home_matches": 1,
        "away_matches": 1
      },
      "Nacional PB": {
        "home_matches": 2,
        "away_matches": 3
      },
      "Sousa PB": {
        "home_matches": 2,
        "away_matches": 1
      },
      "Votuporanguense SP": {
        "home_matches": 3,
        "away_matches": 0
      },
      "Linense SP": {
        "home_matches": 1,
        "away_matches": 2
      },
      "XV de Piracicaba SP": {
        "home_matches": 3,
        "away_matches": 2
      },
      "Oeste FC": {
        "home_matches": 2,
        "away_matches": 1
      },
      "Gremio Prudente": {
        "home_matches": 3,
        "away_matches": 1
      },
      "Juventus SP": {
        "home_matches": 0,
        "away_matches": 1
      },
      "Uniao Barbarense SP": {
        "home_matches": 3,
        "away_matches": 3
      },
      "Rio Claro SP": {
        "home_matches": 0,
        "away_matches": 3
      },
      "Palmeiras": {
        "home_matches": 1,
        "away_matches": 2
      },
      "Sao Paulo": {
        "home_matches": 2,
        "away_matches": 1
      },
      "Sao Jose EC": {
        "home_matches": 2,
        "away_matches": 3
      },
      "Monte Azul SP": {
        "home_matches": 0,
        "away_matches": 3
      },
      "Bandeirante SP": {
        "home_matches": 3,
        "away_matches": 1
      },
      "Portuguesa Santista SP": {
        "home_matches": 2,
        "away_matches": 2
      },
      "Treze": {
        "home_matches": 2,
        "away_matches": 1
      },
      "Atletico PB": {
        "home_matches": 2,
        "away_matches": 2
      },
      "Santa Cruz": {
        "home_matches": 3,
        "away_matches": 0
      },
      "Nautico": {
        "home_matches": 1,
        "away_matches": 2
      },
      "Ituano SP": {
        "home_matches": 3,
        "away_matches": 0
      },
      "Sao Bento": {
        "home_matches": 1,
        "away_matches": 3
      },
      "Novorizontino SP": {
        "home_matches": 2,
        "away_matches": 0
      },
      "Botafogo SP": {
        "home_matches": 1,
        "away_matches": 2
      },
      "Aguia de Maraba PA": {
        "home_matches": 1,
        "away_matches": 2
      },
      "Santa Rosa PA": {
        "home_matches": 1,
        "away_matches": 2
      },
      "Velo Clube": {
        "home_matches": 2,
        "away_matches": 1
      },
      "Corinthians": {
        "home_matches": 2,
        "away_matches": 1
      },
      "Piaui PI": {
        "home_matches": 1,
        "away_matches": 0
      },
      "Parnahyba PI": {
        "home_matches": 0,
        "away_matches": 1
      },
      "Portuguesa SP": {
        "home_matches": 1,
        "away_matches": 1
      },
      "Guarani": {
        "home_matches": 1,
        "away_matches": 1
      },
      "Sao Francisco PA": {
        "home_matches": 1,
        "away_matches": 1
      },
      "Capitao Poco": {
        "home_matches": 2,
        "away_matches": 1
      },
      "Itapirense": {
        "home_matches": 2,
        "away_matches": 1
      },
      "Francana": {
        "home_matches": 1,
        "away_matches": 3
      },
      "Marilia SP": {
        "home_matches": 3,
        "away_matches": 1
      },
      "Taubate": {
        "home_matches": 1,
        "away_matches": 2
      },
      "Uniao Sao Joao SP": {
        "home_matches": 1,
        "away_matches": 0
      },
      "Catanduva": {
        "home_matches": 3,
        "away_matches": 0
      },
      "Rio Preto SP": {
        "home_matches": 0,
        "away_matches": 2
      },
      "Retro PE": {
        "home_matches": 1,
        "away_matches": 1
      },
      "Santo Andre SP": {
        "home_matches": 1,
        "away_matches": 2
      },
      "Ferroviaria SP": {
        "home_matches": 2,
        "away_matches": 2
      },
      "Inter Limeira SP": {
        "home_matches": 1,
        "away_matches": 2
      },
      "Agua Santa SP": {
        "home_matches": 1,
        "away_matches": 1
      },
      "Sertaozinho SP": {
        "home_matches": 2,
        "away_matches": 1
      },
      "Botafogo PB": {
        "home_matches": 1,
        "away_matches": 2
      },
      "Pombal": {
        "home_matches": 0,
        "away_matches": 2
      },
      "Serra Branca": {
        "home_matches": 3,
        "away_matches": 0
      },
      "Esporte PB": {
        "home_matches": 2,
        "away_matches": 1
      },
      "USAC": {
        "home_matches": 0,
        "away_matches": 1
      },
      "XV de Jau": {
        "home_matches": 2,
        "away_matches": 1
      },
      "Paulista SP": {
        "home_matches": 2,
        "away_matches": 1
      },
      "Potyguar-CN RN": {
        "home_matches": 1,
        "away_matches": 0
      },
      "ABC Natal": {
        "home_matches": 1,
        "away_matches": 1
      },
      "Santos": {
        "home_matches": 0,
        "away_matches": 1
      },
      "Primavera SP": {
        "home_matches": 1,
        "away_matches": 1
      },
      "RB Bragantino": {
        "home_matches": 1,
        "away_matches": 1
      },
      "Sao Bernardo SP": {
        "home_matches": 0,
        "away_matches": 2
      },
      "Aruko Sports": {
        "home_matches": 1,
        "away_matches": 1
      },
      "Maringa FC PR": {
        "home_matches": 1,
        "away_matches": 1
      },
      "Operario PR": {
        "home_matches": 1,
        "away_matches": 1
      },
      "Azuriz FC PR": {
        "home_matches": 1,
        "away_matches": 1
      },
      "Noroeste SP": {
        "home_matches": 1,
        "away_matches": 0
      },
      "Atletico PR": {
        "home_matches": 1,
        "away_matches": 0
      },
      "Foz do Iguacu PR": {
        "home_matches": 0,
        "away_matches": 1
      },
      "Confianca EC": {
        "home_matches": 0,
        "away_matches": 1
      },
      "EC Sao Bernardo": {
        "home_matches": 0,
        "away_matches": 1
      },
      "Desportivo Brasil": {
        "home_matches": 0,
        "away_matches": 2
      },
      "Cameta PA": {
        "home_matches": 2,
        "away_matches": 0
      },
      "Amazonia PA": {
        "home_matches": 0,
        "away_matches": 1
      },
      "Andraus Brasil": {
        "home_matches": 1,
        "away_matches": 1
      },
      "Cascavel PR": {
        "home_matches": 1,
        "away_matches": 1
      },
      "Globo FC": {
        "home_matches": 0,
        "away_matches": 1
      },
      "Potiguar-M RN": {
        "home_matches": 1,
        "away_matches": 0
      },
      "America RN": {
        "home_matches": 0,
        "away_matches": 1
      },
      "Bragantino PA": {
        "home_matches": 0,
        "away_matches": 1
      },
      "Capivariano SP": {
        "home_matches": 1,
        "away_matches": 1
      },
      "Maguary PE": {
        "home_matches": 0,
        "away_matches": 1
      },
      "Londrina": {
        "home_matches": 1,
        "away_matches": 0
      },
      "Independente FSJ": {
        "home_matches": 0,
        "away_matches": 1
      },
      "Fluminense-PI": {
        "home_matches": 0,
        "away_matches": 1
      },
      "Campinense PB": {
        "home_matches": 0,
        "away_matches": 1
      },
      "Decisao PE": {
        "home_matches": 0,
        "away_matches": 1
      },
      "Mirassol SP": {
        "home_matches": 0,
        "away_matches": 1
      },
      "Coritiba": {
        "home_matches": 1,
        "away_matches": 0
      },
      "Cianorte PR": {
        "home_matches": 0,
        "away_matches": 1
      },
      "Atletico Piauiense": {
        "home_matches": 1,
        "away_matches": 0
      },
      "Teresina EC": {
        "home_matches": 0,
        "away_matches": 1
      },
      "Paysandu": {
        "home_matches": 0,
        "away_matches": 1
      }
    }
  },
  "example_count": 109,
  "result_accuracy": 0.4090909090909091,
  "ou_accuracy": 0.4090909090909091,
  "trained_at": "2026-02-13T18:33:41.799243"
}